List3Person0,mailme0@gmail.com,password0,password0,1,M,1234568250,Address0
List3Person1,mailme1@gmail.com,password1,password1,2,M,1234568251,Address1
List3Person2,mailme2@gmail.com,password2,password2,3,M,1234568252,Address2
List3Person3,mailme3@gmail.com,password3,password3,4,M,1234568253,Address3
List3Person4,mailme4@gmail.com,password4,password4,5,M,1234568254,Address4
List3Person5,mailme5@gmail.com,password5,password5,6,M,1234568255,Address5
List3Person6,mailme6@gmail.com,password6,password6,7,M,1234568256,Address6
List3Person7,mailme7@gmail.com,password7,password7,8,M,1234568257,Address7
List3Person8,mailme8@gmail.com,password8,password8,9,M,1234568258,Address8
List3Person9,mailme9@gmail.com,password9,password9,10,M,1234568259,Address9
List3Person10,mailme10@gmail.com,password10,password10,1,M,12345682510,Address10
List3Person11,mailme11@gmail.com,password11,password11,2,M,12345682511,Address11
List3Person12,mailme12@gmail.com,password12,password12,3,M,12345682512,Address12
List3Person13,mailme13@gmail.com,password13,password13,4,M,12345682513,Address13
List3Person14,mailme14@gmail.com,password14,password14,5,M,12345682514,Address14
List3Person15,mailme15@gmail.com,password15,password15,6,M,12345682515,Address15
List3Person16,mailme16@gmail.com,password16,password16,7,M,12345682516,Address16
List3Person17,mailme17@gmail.com,password17,password17,8,M,12345682517,Address17
List3Person18,mailme18@gmail.com,password18,password18,9,M,12345682518,Address18
List3Person19,mailme19@gmail.com,password19,password19,10,M,12345682519,Address19
List3Person20,mailme20@gmail.com,password20,password20,1,M,12345682520,Address20
List3Person21,mailme21@gmail.com,password21,password21,2,M,12345682521,Address21
List3Person22,mailme22@gmail.com,password22,password22,3,M,12345682522,Address22
List3Person23,mailme23@gmail.com,password23,password23,4,M,12345682523,Address23
List3Person24,mailme24@gmail.com,password24,password24,5,M,12345682524,Address24
List3Person25,mailme25@gmail.com,password25,password25,6,M,12345682525,Address25
List3Person26,mailme26@gmail.com,password26,password26,7,M,12345682526,Address26
List3Person27,mailme27@gmail.com,password27,password27,8,M,12345682527,Address27
List3Person28,mailme28@gmail.com,password28,password28,9,M,12345682528,Address28
List3Person29,mailme29@gmail.com,password29,password29,10,M,12345682529,Address29
List3Person30,mailme30@gmail.com,password30,password30,1,M,12345682530,Address30
List3Person31,mailme31@gmail.com,password31,password31,2,M,12345682531,Address31
List3Person32,mailme32@gmail.com,password32,password32,3,M,12345682532,Address32
List3Person33,mailme33@gmail.com,password33,password33,4,M,12345682533,Address33
List3Person34,mailme34@gmail.com,password34,password34,5,M,12345682534,Address34
List3Person35,mailme35@gmail.com,password35,password35,6,M,12345682535,Address35
List3Person36,mailme36@gmail.com,password36,password36,7,M,12345682536,Address36
List3Person37,mailme37@gmail.com,password37,password37,8,M,12345682537,Address37
List3Person38,mailme38@gmail.com,password38,password38,9,M,12345682538,Address38
List3Person39,mailme39@gmail.com,password39,password39,10,M,12345682539,Address39
List3Person40,mailme40@gmail.com,password40,password40,1,M,12345682540,Address40
List3Person41,mailme41@gmail.com,password41,password41,2,M,12345682541,Address41
List3Person42,mailme42@gmail.com,password42,password42,3,M,12345682542,Address42
List3Person43,mailme43@gmail.com,password43,password43,4,M,12345682543,Address43
List3Person44,mailme44@gmail.com,password44,password44,5,M,12345682544,Address44
List3Person45,mailme45@gmail.com,password45,password45,6,M,12345682545,Address45
List3Person46,mailme46@gmail.com,password46,password46,7,M,12345682546,Address46
List3Person47,mailme47@gmail.com,password47,password47,8,M,12345682547,Address47
List3Person48,mailme48@gmail.com,password48,password48,9,M,12345682548,Address48
List3Person49,mailme49@gmail.com,password49,password49,10,M,12345682549,Address49
List3Person50,mailme50@gmail.com,password50,password50,1,M,12345682550,Address50
List3Person51,mailme51@gmail.com,password51,password51,2,M,12345682551,Address51
List3Person52,mailme52@gmail.com,password52,password52,3,M,12345682552,Address52
List3Person53,mailme53@gmail.com,password53,password53,4,M,12345682553,Address53
List3Person54,mailme54@gmail.com,password54,password54,5,M,12345682554,Address54
List3Person55,mailme55@gmail.com,password55,password55,6,M,12345682555,Address55
List3Person56,mailme56@gmail.com,password56,password56,7,M,12345682556,Address56
List3Person57,mailme57@gmail.com,password57,password57,8,M,12345682557,Address57
List3Person58,mailme58@gmail.com,password58,password58,9,M,12345682558,Address58
List3Person59,mailme59@gmail.com,password59,password59,10,M,12345682559,Address59
List3Person60,mailme60@gmail.com,password60,password60,1,M,12345682560,Address60
List3Person61,mailme61@gmail.com,password61,password61,2,M,12345682561,Address61
List3Person62,mailme62@gmail.com,password62,password62,3,M,12345682562,Address62
List3Person63,mailme63@gmail.com,password63,password63,4,M,12345682563,Address63
List3Person64,mailme64@gmail.com,password64,password64,5,M,12345682564,Address64
List3Person65,mailme65@gmail.com,password65,password65,6,M,12345682565,Address65
List3Person66,mailme66@gmail.com,password66,password66,7,M,12345682566,Address66
List3Person67,mailme67@gmail.com,password67,password67,8,M,12345682567,Address67
List3Person68,mailme68@gmail.com,password68,password68,9,M,12345682568,Address68
List3Person69,mailme69@gmail.com,password69,password69,10,M,12345682569,Address69
List3Person70,mailme70@gmail.com,password70,password70,1,M,12345682570,Address70
List3Person71,mailme71@gmail.com,password71,password71,2,M,12345682571,Address71
List3Person72,mailme72@gmail.com,password72,password72,3,M,12345682572,Address72
List3Person73,mailme73@gmail.com,password73,password73,4,M,12345682573,Address73
List3Person74,mailme74@gmail.com,password74,password74,5,M,12345682574,Address74
List3Person75,mailme75@gmail.com,password75,password75,6,M,12345682575,Address75
List3Person76,mailme76@gmail.com,password76,password76,7,M,12345682576,Address76
List3Person77,mailme77@gmail.com,password77,password77,8,M,12345682577,Address77
List3Person78,mailme78@gmail.com,password78,password78,9,M,12345682578,Address78
List3Person79,mailme79@gmail.com,password79,password79,10,M,12345682579,Address79
List3Person80,mailme80@gmail.com,password80,password80,1,M,12345682580,Address80
List3Person81,mailme81@gmail.com,password81,password81,2,M,12345682581,Address81
List3Person82,mailme82@gmail.com,password82,password82,3,M,12345682582,Address82
List3Person83,mailme83@gmail.com,password83,password83,4,M,12345682583,Address83
List3Person84,mailme84@gmail.com,password84,password84,5,M,12345682584,Address84
List3Person85,mailme85@gmail.com,password85,password85,6,M,12345682585,Address85
List3Person86,mailme86@gmail.com,password86,password86,7,M,12345682586,Address86
List3Person87,mailme87@gmail.com,password87,password87,8,M,12345682587,Address87
List3Person88,mailme88@gmail.com,password88,password88,9,M,12345682588,Address88
List3Person89,mailme89@gmail.com,password89,password89,10,M,12345682589,Address89
List3Person90,mailme90@gmail.com,password90,password90,1,M,12345682590,Address90
List3Person91,mailme91@gmail.com,password91,password91,2,M,12345682591,Address91
List3Person92,mailme92@gmail.com,password92,password92,3,M,12345682592,Address92
List3Person93,mailme93@gmail.com,password93,password93,4,M,12345682593,Address93
List3Person94,mailme94@gmail.com,password94,password94,5,M,12345682594,Address94
List3Person95,mailme95@gmail.com,password95,password95,6,M,12345682595,Address95
List3Person96,mailme96@gmail.com,password96,password96,7,M,12345682596,Address96
List3Person97,mailme97@gmail.com,password97,password97,8,M,12345682597,Address97
List3Person98,mailme98@gmail.com,password98,password98,9,M,12345682598,Address98
List3Person99,mailme99@gmail.com,password99,password99,10,M,12345682599,Address99
List3Person100,mailme100@gmail.com,password100,password100,1,M,123456825100,Address100
List3Person101,mailme101@gmail.com,password101,password101,2,M,123456825101,Address101
List3Person102,mailme102@gmail.com,password102,password102,3,M,123456825102,Address102
List3Person103,mailme103@gmail.com,password103,password103,4,M,123456825103,Address103
List3Person104,mailme104@gmail.com,password104,password104,5,M,123456825104,Address104
List3Person105,mailme105@gmail.com,password105,password105,6,M,123456825105,Address105
List3Person106,mailme106@gmail.com,password106,password106,7,M,123456825106,Address106
List3Person107,mailme107@gmail.com,password107,password107,8,M,123456825107,Address107
List3Person108,mailme108@gmail.com,password108,password108,9,M,123456825108,Address108
List3Person109,mailme109@gmail.com,password109,password109,10,M,123456825109,Address109
List3Person110,mailme110@gmail.com,password110,password110,1,M,123456825110,Address110
List3Person111,mailme111@gmail.com,password111,password111,2,M,123456825111,Address111
List3Person112,mailme112@gmail.com,password112,password112,3,M,123456825112,Address112
List3Person113,mailme113@gmail.com,password113,password113,4,M,123456825113,Address113
List3Person114,mailme114@gmail.com,password114,password114,5,M,123456825114,Address114
List3Person115,mailme115@gmail.com,password115,password115,6,M,123456825115,Address115
List3Person116,mailme116@gmail.com,password116,password116,7,M,123456825116,Address116
List3Person117,mailme117@gmail.com,password117,password117,8,M,123456825117,Address117
List3Person118,mailme118@gmail.com,password118,password118,9,M,123456825118,Address118
List3Person119,mailme119@gmail.com,password119,password119,10,M,123456825119,Address119
List3Person120,mailme120@gmail.com,password120,password120,1,M,123456825120,Address120
List3Person121,mailme121@gmail.com,password121,password121,2,M,123456825121,Address121
List3Person122,mailme122@gmail.com,password122,password122,3,M,123456825122,Address122
List3Person123,mailme123@gmail.com,password123,password123,4,M,123456825123,Address123
List3Person124,mailme124@gmail.com,password124,password124,5,M,123456825124,Address124
List3Person125,mailme125@gmail.com,password125,password125,6,M,123456825125,Address125
List3Person126,mailme126@gmail.com,password126,password126,7,M,123456825126,Address126
List3Person127,mailme127@gmail.com,password127,password127,8,M,123456825127,Address127
List3Person128,mailme128@gmail.com,password128,password128,9,M,123456825128,Address128
List3Person129,mailme129@gmail.com,password129,password129,10,M,123456825129,Address129
List3Person130,mailme130@gmail.com,password130,password130,1,M,123456825130,Address130
List3Person131,mailme131@gmail.com,password131,password131,2,M,123456825131,Address131
List3Person132,mailme132@gmail.com,password132,password132,3,M,123456825132,Address132
List3Person133,mailme133@gmail.com,password133,password133,4,M,123456825133,Address133
List3Person134,mailme134@gmail.com,password134,password134,5,M,123456825134,Address134
List3Person135,mailme135@gmail.com,password135,password135,6,M,123456825135,Address135
List3Person136,mailme136@gmail.com,password136,password136,7,M,123456825136,Address136
List3Person137,mailme137@gmail.com,password137,password137,8,M,123456825137,Address137
List3Person138,mailme138@gmail.com,password138,password138,9,M,123456825138,Address138
List3Person139,mailme139@gmail.com,password139,password139,10,M,123456825139,Address139
List3Person140,mailme140@gmail.com,password140,password140,1,M,123456825140,Address140
List3Person141,mailme141@gmail.com,password141,password141,2,M,123456825141,Address141
List3Person142,mailme142@gmail.com,password142,password142,3,M,123456825142,Address142
List3Person143,mailme143@gmail.com,password143,password143,4,M,123456825143,Address143
List3Person144,mailme144@gmail.com,password144,password144,5,M,123456825144,Address144
List3Person145,mailme145@gmail.com,password145,password145,6,M,123456825145,Address145
List3Person146,mailme146@gmail.com,password146,password146,7,M,123456825146,Address146
List3Person147,mailme147@gmail.com,password147,password147,8,M,123456825147,Address147
List3Person148,mailme148@gmail.com,password148,password148,9,M,123456825148,Address148
List3Person149,mailme149@gmail.com,password149,password149,10,M,123456825149,Address149
List3Person150,mailme150@gmail.com,password150,password150,1,M,123456825150,Address150
List3Person151,mailme151@gmail.com,password151,password151,2,M,123456825151,Address151
List3Person152,mailme152@gmail.com,password152,password152,3,M,123456825152,Address152
List3Person153,mailme153@gmail.com,password153,password153,4,M,123456825153,Address153
List3Person154,mailme154@gmail.com,password154,password154,5,M,123456825154,Address154
List3Person155,mailme155@gmail.com,password155,password155,6,M,123456825155,Address155
List3Person156,mailme156@gmail.com,password156,password156,7,M,123456825156,Address156
List3Person157,mailme157@gmail.com,password157,password157,8,M,123456825157,Address157
List3Person158,mailme158@gmail.com,password158,password158,9,M,123456825158,Address158
List3Person159,mailme159@gmail.com,password159,password159,10,M,123456825159,Address159
List3Person160,mailme160@gmail.com,password160,password160,1,M,123456825160,Address160
List3Person161,mailme161@gmail.com,password161,password161,2,M,123456825161,Address161
List3Person162,mailme162@gmail.com,password162,password162,3,M,123456825162,Address162
List3Person163,mailme163@gmail.com,password163,password163,4,M,123456825163,Address163
List3Person164,mailme164@gmail.com,password164,password164,5,M,123456825164,Address164
List3Person165,mailme165@gmail.com,password165,password165,6,M,123456825165,Address165
List3Person166,mailme166@gmail.com,password166,password166,7,M,123456825166,Address166
List3Person167,mailme167@gmail.com,password167,password167,8,M,123456825167,Address167
List3Person168,mailme168@gmail.com,password168,password168,9,M,123456825168,Address168
List3Person169,mailme169@gmail.com,password169,password169,10,M,123456825169,Address169
List3Person170,mailme170@gmail.com,password170,password170,1,M,123456825170,Address170
List3Person171,mailme171@gmail.com,password171,password171,2,M,123456825171,Address171
List3Person172,mailme172@gmail.com,password172,password172,3,M,123456825172,Address172
List3Person173,mailme173@gmail.com,password173,password173,4,M,123456825173,Address173
List3Person174,mailme174@gmail.com,password174,password174,5,M,123456825174,Address174
List3Person175,mailme175@gmail.com,password175,password175,6,M,123456825175,Address175
List3Person176,mailme176@gmail.com,password176,password176,7,M,123456825176,Address176
List3Person177,mailme177@gmail.com,password177,password177,8,M,123456825177,Address177
List3Person178,mailme178@gmail.com,password178,password178,9,M,123456825178,Address178
List3Person179,mailme179@gmail.com,password179,password179,10,M,123456825179,Address179
List3Person180,mailme180@gmail.com,password180,password180,1,M,123456825180,Address180
List3Person181,mailme181@gmail.com,password181,password181,2,M,123456825181,Address181
List3Person182,mailme182@gmail.com,password182,password182,3,M,123456825182,Address182
List3Person183,mailme183@gmail.com,password183,password183,4,M,123456825183,Address183
List3Person184,mailme184@gmail.com,password184,password184,5,M,123456825184,Address184
List3Person185,mailme185@gmail.com,password185,password185,6,M,123456825185,Address185
List3Person186,mailme186@gmail.com,password186,password186,7,M,123456825186,Address186
List3Person187,mailme187@gmail.com,password187,password187,8,M,123456825187,Address187
List3Person188,mailme188@gmail.com,password188,password188,9,M,123456825188,Address188
List3Person189,mailme189@gmail.com,password189,password189,10,M,123456825189,Address189
List3Person190,mailme190@gmail.com,password190,password190,1,M,123456825190,Address190
List3Person191,mailme191@gmail.com,password191,password191,2,M,123456825191,Address191
List3Person192,mailme192@gmail.com,password192,password192,3,M,123456825192,Address192
List3Person193,mailme193@gmail.com,password193,password193,4,M,123456825193,Address193
List3Person194,mailme194@gmail.com,password194,password194,5,M,123456825194,Address194
List3Person195,mailme195@gmail.com,password195,password195,6,M,123456825195,Address195
List3Person196,mailme196@gmail.com,password196,password196,7,M,123456825196,Address196
List3Person197,mailme197@gmail.com,password197,password197,8,M,123456825197,Address197
List3Person198,mailme198@gmail.com,password198,password198,9,M,123456825198,Address198
List3Person199,mailme199@gmail.com,password199,password199,10,M,123456825199,Address199
List3Person200,mailme200@gmail.com,password200,password200,1,M,123456825200,Address200
List3Person201,mailme201@gmail.com,password201,password201,2,M,123456825201,Address201
List3Person202,mailme202@gmail.com,password202,password202,3,M,123456825202,Address202
List3Person203,mailme203@gmail.com,password203,password203,4,M,123456825203,Address203
List3Person204,mailme204@gmail.com,password204,password204,5,M,123456825204,Address204
List3Person205,mailme205@gmail.com,password205,password205,6,M,123456825205,Address205
List3Person206,mailme206@gmail.com,password206,password206,7,M,123456825206,Address206
List3Person207,mailme207@gmail.com,password207,password207,8,M,123456825207,Address207
List3Person208,mailme208@gmail.com,password208,password208,9,M,123456825208,Address208
List3Person209,mailme209@gmail.com,password209,password209,10,M,123456825209,Address209
List3Person210,mailme210@gmail.com,password210,password210,1,M,123456825210,Address210
List3Person211,mailme211@gmail.com,password211,password211,2,M,123456825211,Address211
List3Person212,mailme212@gmail.com,password212,password212,3,M,123456825212,Address212
List3Person213,mailme213@gmail.com,password213,password213,4,M,123456825213,Address213
List3Person214,mailme214@gmail.com,password214,password214,5,M,123456825214,Address214
List3Person215,mailme215@gmail.com,password215,password215,6,M,123456825215,Address215
List3Person216,mailme216@gmail.com,password216,password216,7,M,123456825216,Address216
List3Person217,mailme217@gmail.com,password217,password217,8,M,123456825217,Address217
List3Person218,mailme218@gmail.com,password218,password218,9,M,123456825218,Address218
List3Person219,mailme219@gmail.com,password219,password219,10,M,123456825219,Address219
List3Person220,mailme220@gmail.com,password220,password220,1,M,123456825220,Address220
List3Person221,mailme221@gmail.com,password221,password221,2,M,123456825221,Address221
List3Person222,mailme222@gmail.com,password222,password222,3,M,123456825222,Address222
List3Person223,mailme223@gmail.com,password223,password223,4,M,123456825223,Address223
List3Person224,mailme224@gmail.com,password224,password224,5,M,123456825224,Address224
List3Person225,mailme225@gmail.com,password225,password225,6,M,123456825225,Address225
List3Person226,mailme226@gmail.com,password226,password226,7,M,123456825226,Address226
List3Person227,mailme227@gmail.com,password227,password227,8,M,123456825227,Address227
List3Person228,mailme228@gmail.com,password228,password228,9,M,123456825228,Address228
List3Person229,mailme229@gmail.com,password229,password229,10,M,123456825229,Address229
List3Person230,mailme230@gmail.com,password230,password230,1,M,123456825230,Address230
List3Person231,mailme231@gmail.com,password231,password231,2,M,123456825231,Address231
List3Person232,mailme232@gmail.com,password232,password232,3,M,123456825232,Address232
List3Person233,mailme233@gmail.com,password233,password233,4,M,123456825233,Address233
List3Person234,mailme234@gmail.com,password234,password234,5,M,123456825234,Address234
List3Person235,mailme235@gmail.com,password235,password235,6,M,123456825235,Address235
List3Person236,mailme236@gmail.com,password236,password236,7,M,123456825236,Address236
List3Person237,mailme237@gmail.com,password237,password237,8,M,123456825237,Address237
List3Person238,mailme238@gmail.com,password238,password238,9,M,123456825238,Address238
List3Person239,mailme239@gmail.com,password239,password239,10,M,123456825239,Address239
List3Person240,mailme240@gmail.com,password240,password240,1,M,123456825240,Address240
List3Person241,mailme241@gmail.com,password241,password241,2,M,123456825241,Address241
List3Person242,mailme242@gmail.com,password242,password242,3,M,123456825242,Address242
List3Person243,mailme243@gmail.com,password243,password243,4,M,123456825243,Address243
List3Person244,mailme244@gmail.com,password244,password244,5,M,123456825244,Address244
List3Person245,mailme245@gmail.com,password245,password245,6,M,123456825245,Address245
List3Person246,mailme246@gmail.com,password246,password246,7,M,123456825246,Address246
List3Person247,mailme247@gmail.com,password247,password247,8,M,123456825247,Address247
List3Person248,mailme248@gmail.com,password248,password248,9,M,123456825248,Address248
List3Person249,mailme249@gmail.com,password249,password249,10,M,123456825249,Address249
List3Person250,mailme250@gmail.com,password250,password250,1,M,123456825250,Address250
List3Person251,mailme251@gmail.com,password251,password251,2,M,123456825251,Address251
List3Person252,mailme252@gmail.com,password252,password252,3,M,123456825252,Address252
List3Person253,mailme253@gmail.com,password253,password253,4,M,123456825253,Address253
List3Person254,mailme254@gmail.com,password254,password254,5,M,123456825254,Address254
List3Person255,mailme255@gmail.com,password255,password255,6,M,123456825255,Address255
List3Person256,mailme256@gmail.com,password256,password256,7,M,123456825256,Address256
List3Person257,mailme257@gmail.com,password257,password257,8,M,123456825257,Address257
List3Person258,mailme258@gmail.com,password258,password258,9,M,123456825258,Address258
List3Person259,mailme259@gmail.com,password259,password259,10,M,123456825259,Address259
List3Person260,mailme260@gmail.com,password260,password260,1,M,123456825260,Address260
List3Person261,mailme261@gmail.com,password261,password261,2,M,123456825261,Address261
List3Person262,mailme262@gmail.com,password262,password262,3,M,123456825262,Address262
List3Person263,mailme263@gmail.com,password263,password263,4,M,123456825263,Address263
List3Person264,mailme264@gmail.com,password264,password264,5,M,123456825264,Address264
List3Person265,mailme265@gmail.com,password265,password265,6,M,123456825265,Address265
List3Person266,mailme266@gmail.com,password266,password266,7,M,123456825266,Address266
List3Person267,mailme267@gmail.com,password267,password267,8,M,123456825267,Address267
List3Person268,mailme268@gmail.com,password268,password268,9,M,123456825268,Address268
List3Person269,mailme269@gmail.com,password269,password269,10,M,123456825269,Address269
List3Person270,mailme270@gmail.com,password270,password270,1,M,123456825270,Address270
List3Person271,mailme271@gmail.com,password271,password271,2,M,123456825271,Address271
List3Person272,mailme272@gmail.com,password272,password272,3,M,123456825272,Address272
List3Person273,mailme273@gmail.com,password273,password273,4,M,123456825273,Address273
List3Person274,mailme274@gmail.com,password274,password274,5,M,123456825274,Address274
List3Person275,mailme275@gmail.com,password275,password275,6,M,123456825275,Address275
List3Person276,mailme276@gmail.com,password276,password276,7,M,123456825276,Address276
List3Person277,mailme277@gmail.com,password277,password277,8,M,123456825277,Address277
List3Person278,mailme278@gmail.com,password278,password278,9,M,123456825278,Address278
List3Person279,mailme279@gmail.com,password279,password279,10,M,123456825279,Address279
List3Person280,mailme280@gmail.com,password280,password280,1,M,123456825280,Address280
List3Person281,mailme281@gmail.com,password281,password281,2,M,123456825281,Address281
List3Person282,mailme282@gmail.com,password282,password282,3,M,123456825282,Address282
List3Person283,mailme283@gmail.com,password283,password283,4,M,123456825283,Address283
List3Person284,mailme284@gmail.com,password284,password284,5,M,123456825284,Address284
List3Person285,mailme285@gmail.com,password285,password285,6,M,123456825285,Address285
List3Person286,mailme286@gmail.com,password286,password286,7,M,123456825286,Address286
List3Person287,mailme287@gmail.com,password287,password287,8,M,123456825287,Address287
List3Person288,mailme288@gmail.com,password288,password288,9,M,123456825288,Address288
List3Person289,mailme289@gmail.com,password289,password289,10,M,123456825289,Address289
List3Person290,mailme290@gmail.com,password290,password290,1,M,123456825290,Address290
List3Person291,mailme291@gmail.com,password291,password291,2,M,123456825291,Address291
List3Person292,mailme292@gmail.com,password292,password292,3,M,123456825292,Address292
List3Person293,mailme293@gmail.com,password293,password293,4,M,123456825293,Address293
List3Person294,mailme294@gmail.com,password294,password294,5,M,123456825294,Address294
List3Person295,mailme295@gmail.com,password295,password295,6,M,123456825295,Address295
List3Person296,mailme296@gmail.com,password296,password296,7,M,123456825296,Address296
List3Person297,mailme297@gmail.com,password297,password297,8,M,123456825297,Address297
List3Person298,mailme298@gmail.com,password298,password298,9,M,123456825298,Address298
List3Person299,mailme299@gmail.com,password299,password299,10,M,123456825299,Address299
List3Person300,mailme300@gmail.com,password300,password300,1,M,123456825300,Address300
List3Person301,mailme301@gmail.com,password301,password301,2,M,123456825301,Address301
List3Person302,mailme302@gmail.com,password302,password302,3,M,123456825302,Address302
List3Person303,mailme303@gmail.com,password303,password303,4,M,123456825303,Address303
List3Person304,mailme304@gmail.com,password304,password304,5,M,123456825304,Address304
List3Person305,mailme305@gmail.com,password305,password305,6,M,123456825305,Address305
List3Person306,mailme306@gmail.com,password306,password306,7,M,123456825306,Address306
List3Person307,mailme307@gmail.com,password307,password307,8,M,123456825307,Address307
List3Person308,mailme308@gmail.com,password308,password308,9,M,123456825308,Address308
List3Person309,mailme309@gmail.com,password309,password309,10,M,123456825309,Address309
List3Person310,mailme310@gmail.com,password310,password310,1,M,123456825310,Address310
List3Person311,mailme311@gmail.com,password311,password311,2,M,123456825311,Address311
List3Person312,mailme312@gmail.com,password312,password312,3,M,123456825312,Address312
List3Person313,mailme313@gmail.com,password313,password313,4,M,123456825313,Address313
List3Person314,mailme314@gmail.com,password314,password314,5,M,123456825314,Address314
List3Person315,mailme315@gmail.com,password315,password315,6,M,123456825315,Address315
List3Person316,mailme316@gmail.com,password316,password316,7,M,123456825316,Address316
List3Person317,mailme317@gmail.com,password317,password317,8,M,123456825317,Address317
List3Person318,mailme318@gmail.com,password318,password318,9,M,123456825318,Address318
List3Person319,mailme319@gmail.com,password319,password319,10,M,123456825319,Address319
List3Person320,mailme320@gmail.com,password320,password320,1,M,123456825320,Address320
List3Person321,mailme321@gmail.com,password321,password321,2,M,123456825321,Address321
List3Person322,mailme322@gmail.com,password322,password322,3,M,123456825322,Address322
List3Person323,mailme323@gmail.com,password323,password323,4,M,123456825323,Address323
List3Person324,mailme324@gmail.com,password324,password324,5,M,123456825324,Address324
List3Person325,mailme325@gmail.com,password325,password325,6,M,123456825325,Address325
List3Person326,mailme326@gmail.com,password326,password326,7,M,123456825326,Address326
List3Person327,mailme327@gmail.com,password327,password327,8,M,123456825327,Address327
List3Person328,mailme328@gmail.com,password328,password328,9,M,123456825328,Address328
List3Person329,mailme329@gmail.com,password329,password329,10,M,123456825329,Address329
List3Person330,mailme330@gmail.com,password330,password330,1,M,123456825330,Address330
List3Person331,mailme331@gmail.com,password331,password331,2,M,123456825331,Address331
List3Person332,mailme332@gmail.com,password332,password332,3,M,123456825332,Address332
List3Person333,mailme333@gmail.com,password333,password333,4,M,123456825333,Address333
List3Person334,mailme334@gmail.com,password334,password334,5,M,123456825334,Address334
List3Person335,mailme335@gmail.com,password335,password335,6,M,123456825335,Address335
List3Person336,mailme336@gmail.com,password336,password336,7,M,123456825336,Address336
List3Person337,mailme337@gmail.com,password337,password337,8,M,123456825337,Address337
List3Person338,mailme338@gmail.com,password338,password338,9,M,123456825338,Address338
List3Person339,mailme339@gmail.com,password339,password339,10,M,123456825339,Address339
List3Person340,mailme340@gmail.com,password340,password340,1,M,123456825340,Address340
List3Person341,mailme341@gmail.com,password341,password341,2,M,123456825341,Address341
List3Person342,mailme342@gmail.com,password342,password342,3,M,123456825342,Address342
List3Person343,mailme343@gmail.com,password343,password343,4,M,123456825343,Address343
List3Person344,mailme344@gmail.com,password344,password344,5,M,123456825344,Address344
List3Person345,mailme345@gmail.com,password345,password345,6,M,123456825345,Address345
List3Person346,mailme346@gmail.com,password346,password346,7,M,123456825346,Address346
List3Person347,mailme347@gmail.com,password347,password347,8,M,123456825347,Address347
List3Person348,mailme348@gmail.com,password348,password348,9,M,123456825348,Address348
List3Person349,mailme349@gmail.com,password349,password349,10,M,123456825349,Address349
List3Person350,mailme350@gmail.com,password350,password350,1,M,123456825350,Address350
List3Person351,mailme351@gmail.com,password351,password351,2,M,123456825351,Address351
List3Person352,mailme352@gmail.com,password352,password352,3,M,123456825352,Address352
List3Person353,mailme353@gmail.com,password353,password353,4,M,123456825353,Address353
List3Person354,mailme354@gmail.com,password354,password354,5,M,123456825354,Address354
List3Person355,mailme355@gmail.com,password355,password355,6,M,123456825355,Address355
List3Person356,mailme356@gmail.com,password356,password356,7,M,123456825356,Address356
List3Person357,mailme357@gmail.com,password357,password357,8,M,123456825357,Address357
List3Person358,mailme358@gmail.com,password358,password358,9,M,123456825358,Address358
List3Person359,mailme359@gmail.com,password359,password359,10,M,123456825359,Address359
List3Person360,mailme360@gmail.com,password360,password360,1,M,123456825360,Address360
List3Person361,mailme361@gmail.com,password361,password361,2,M,123456825361,Address361
List3Person362,mailme362@gmail.com,password362,password362,3,M,123456825362,Address362
List3Person363,mailme363@gmail.com,password363,password363,4,M,123456825363,Address363
List3Person364,mailme364@gmail.com,password364,password364,5,M,123456825364,Address364
List3Person365,mailme365@gmail.com,password365,password365,6,M,123456825365,Address365
List3Person366,mailme366@gmail.com,password366,password366,7,M,123456825366,Address366
List3Person367,mailme367@gmail.com,password367,password367,8,M,123456825367,Address367
List3Person368,mailme368@gmail.com,password368,password368,9,M,123456825368,Address368
List3Person369,mailme369@gmail.com,password369,password369,10,M,123456825369,Address369
List3Person370,mailme370@gmail.com,password370,password370,1,M,123456825370,Address370
List3Person371,mailme371@gmail.com,password371,password371,2,M,123456825371,Address371
List3Person372,mailme372@gmail.com,password372,password372,3,M,123456825372,Address372
List3Person373,mailme373@gmail.com,password373,password373,4,M,123456825373,Address373
List3Person374,mailme374@gmail.com,password374,password374,5,M,123456825374,Address374
List3Person375,mailme375@gmail.com,password375,password375,6,M,123456825375,Address375
List3Person376,mailme376@gmail.com,password376,password376,7,M,123456825376,Address376
List3Person377,mailme377@gmail.com,password377,password377,8,M,123456825377,Address377
List3Person378,mailme378@gmail.com,password378,password378,9,M,123456825378,Address378
List3Person379,mailme379@gmail.com,password379,password379,10,M,123456825379,Address379
List3Person380,mailme380@gmail.com,password380,password380,1,M,123456825380,Address380
List3Person381,mailme381@gmail.com,password381,password381,2,M,123456825381,Address381
List3Person382,mailme382@gmail.com,password382,password382,3,M,123456825382,Address382
List3Person383,mailme383@gmail.com,password383,password383,4,M,123456825383,Address383
List3Person384,mailme384@gmail.com,password384,password384,5,M,123456825384,Address384
List3Person385,mailme385@gmail.com,password385,password385,6,M,123456825385,Address385
List3Person386,mailme386@gmail.com,password386,password386,7,M,123456825386,Address386
List3Person387,mailme387@gmail.com,password387,password387,8,M,123456825387,Address387
List3Person388,mailme388@gmail.com,password388,password388,9,M,123456825388,Address388
List3Person389,mailme389@gmail.com,password389,password389,10,M,123456825389,Address389
List3Person390,mailme390@gmail.com,password390,password390,1,M,123456825390,Address390
List3Person391,mailme391@gmail.com,password391,password391,2,M,123456825391,Address391
List3Person392,mailme392@gmail.com,password392,password392,3,M,123456825392,Address392
List3Person393,mailme393@gmail.com,password393,password393,4,M,123456825393,Address393
List3Person394,mailme394@gmail.com,password394,password394,5,M,123456825394,Address394
List3Person395,mailme395@gmail.com,password395,password395,6,M,123456825395,Address395
List3Person396,mailme396@gmail.com,password396,password396,7,M,123456825396,Address396
List3Person397,mailme397@gmail.com,password397,password397,8,M,123456825397,Address397
List3Person398,mailme398@gmail.com,password398,password398,9,M,123456825398,Address398
List3Person399,mailme399@gmail.com,password399,password399,10,M,123456825399,Address399
List3Person400,mailme400@gmail.com,password400,password400,1,M,123456825400,Address400
List3Person401,mailme401@gmail.com,password401,password401,2,M,123456825401,Address401
List3Person402,mailme402@gmail.com,password402,password402,3,M,123456825402,Address402
List3Person403,mailme403@gmail.com,password403,password403,4,M,123456825403,Address403
List3Person404,mailme404@gmail.com,password404,password404,5,M,123456825404,Address404
List3Person405,mailme405@gmail.com,password405,password405,6,M,123456825405,Address405
List3Person406,mailme406@gmail.com,password406,password406,7,M,123456825406,Address406
List3Person407,mailme407@gmail.com,password407,password407,8,M,123456825407,Address407
List3Person408,mailme408@gmail.com,password408,password408,9,M,123456825408,Address408
List3Person409,mailme409@gmail.com,password409,password409,10,M,123456825409,Address409
List3Person410,mailme410@gmail.com,password410,password410,1,M,123456825410,Address410
List3Person411,mailme411@gmail.com,password411,password411,2,M,123456825411,Address411
List3Person412,mailme412@gmail.com,password412,password412,3,M,123456825412,Address412
List3Person413,mailme413@gmail.com,password413,password413,4,M,123456825413,Address413
List3Person414,mailme414@gmail.com,password414,password414,5,M,123456825414,Address414
List3Person415,mailme415@gmail.com,password415,password415,6,M,123456825415,Address415
List3Person416,mailme416@gmail.com,password416,password416,7,M,123456825416,Address416
List3Person417,mailme417@gmail.com,password417,password417,8,M,123456825417,Address417
List3Person418,mailme418@gmail.com,password418,password418,9,M,123456825418,Address418
List3Person419,mailme419@gmail.com,password419,password419,10,M,123456825419,Address419
List3Person420,mailme420@gmail.com,password420,password420,1,M,123456825420,Address420
List3Person421,mailme421@gmail.com,password421,password421,2,M,123456825421,Address421
List3Person422,mailme422@gmail.com,password422,password422,3,M,123456825422,Address422
List3Person423,mailme423@gmail.com,password423,password423,4,M,123456825423,Address423
List3Person424,mailme424@gmail.com,password424,password424,5,M,123456825424,Address424
List3Person425,mailme425@gmail.com,password425,password425,6,M,123456825425,Address425
List3Person426,mailme426@gmail.com,password426,password426,7,M,123456825426,Address426
List3Person427,mailme427@gmail.com,password427,password427,8,M,123456825427,Address427
List3Person428,mailme428@gmail.com,password428,password428,9,M,123456825428,Address428
List3Person429,mailme429@gmail.com,password429,password429,10,M,123456825429,Address429
List3Person430,mailme430@gmail.com,password430,password430,1,M,123456825430,Address430
List3Person431,mailme431@gmail.com,password431,password431,2,M,123456825431,Address431
List3Person432,mailme432@gmail.com,password432,password432,3,M,123456825432,Address432
List3Person433,mailme433@gmail.com,password433,password433,4,M,123456825433,Address433
List3Person434,mailme434@gmail.com,password434,password434,5,M,123456825434,Address434
List3Person435,mailme435@gmail.com,password435,password435,6,M,123456825435,Address435
List3Person436,mailme436@gmail.com,password436,password436,7,M,123456825436,Address436
List3Person437,mailme437@gmail.com,password437,password437,8,M,123456825437,Address437
List3Person438,mailme438@gmail.com,password438,password438,9,M,123456825438,Address438
List3Person439,mailme439@gmail.com,password439,password439,10,M,123456825439,Address439
List3Person440,mailme440@gmail.com,password440,password440,1,M,123456825440,Address440
List3Person441,mailme441@gmail.com,password441,password441,2,M,123456825441,Address441
List3Person442,mailme442@gmail.com,password442,password442,3,M,123456825442,Address442
List3Person443,mailme443@gmail.com,password443,password443,4,M,123456825443,Address443
List3Person444,mailme444@gmail.com,password444,password444,5,M,123456825444,Address444
List3Person445,mailme445@gmail.com,password445,password445,6,M,123456825445,Address445
List3Person446,mailme446@gmail.com,password446,password446,7,M,123456825446,Address446
List3Person447,mailme447@gmail.com,password447,password447,8,M,123456825447,Address447
List3Person448,mailme448@gmail.com,password448,password448,9,M,123456825448,Address448
List3Person449,mailme449@gmail.com,password449,password449,10,M,123456825449,Address449
List3Person450,mailme450@gmail.com,password450,password450,1,M,123456825450,Address450
List3Person451,mailme451@gmail.com,password451,password451,2,M,123456825451,Address451
List3Person452,mailme452@gmail.com,password452,password452,3,M,123456825452,Address452
List3Person453,mailme453@gmail.com,password453,password453,4,M,123456825453,Address453
List3Person454,mailme454@gmail.com,password454,password454,5,M,123456825454,Address454
List3Person455,mailme455@gmail.com,password455,password455,6,M,123456825455,Address455
List3Person456,mailme456@gmail.com,password456,password456,7,M,123456825456,Address456
List3Person457,mailme457@gmail.com,password457,password457,8,M,123456825457,Address457
List3Person458,mailme458@gmail.com,password458,password458,9,M,123456825458,Address458
List3Person459,mailme459@gmail.com,password459,password459,10,M,123456825459,Address459
List3Person460,mailme460@gmail.com,password460,password460,1,M,123456825460,Address460
List3Person461,mailme461@gmail.com,password461,password461,2,M,123456825461,Address461
List3Person462,mailme462@gmail.com,password462,password462,3,M,123456825462,Address462
List3Person463,mailme463@gmail.com,password463,password463,4,M,123456825463,Address463
List3Person464,mailme464@gmail.com,password464,password464,5,M,123456825464,Address464
List3Person465,mailme465@gmail.com,password465,password465,6,M,123456825465,Address465
List3Person466,mailme466@gmail.com,password466,password466,7,M,123456825466,Address466
List3Person467,mailme467@gmail.com,password467,password467,8,M,123456825467,Address467
List3Person468,mailme468@gmail.com,password468,password468,9,M,123456825468,Address468
List3Person469,mailme469@gmail.com,password469,password469,10,M,123456825469,Address469
List3Person470,mailme470@gmail.com,password470,password470,1,M,123456825470,Address470
List3Person471,mailme471@gmail.com,password471,password471,2,M,123456825471,Address471
List3Person472,mailme472@gmail.com,password472,password472,3,M,123456825472,Address472
List3Person473,mailme473@gmail.com,password473,password473,4,M,123456825473,Address473
List3Person474,mailme474@gmail.com,password474,password474,5,M,123456825474,Address474
List3Person475,mailme475@gmail.com,password475,password475,6,M,123456825475,Address475
List3Person476,mailme476@gmail.com,password476,password476,7,M,123456825476,Address476
List3Person477,mailme477@gmail.com,password477,password477,8,M,123456825477,Address477
List3Person478,mailme478@gmail.com,password478,password478,9,M,123456825478,Address478
List3Person479,mailme479@gmail.com,password479,password479,10,M,123456825479,Address479
List3Person480,mailme480@gmail.com,password480,password480,1,M,123456825480,Address480
List3Person481,mailme481@gmail.com,password481,password481,2,M,123456825481,Address481
List3Person482,mailme482@gmail.com,password482,password482,3,M,123456825482,Address482
List3Person483,mailme483@gmail.com,password483,password483,4,M,123456825483,Address483
List3Person484,mailme484@gmail.com,password484,password484,5,M,123456825484,Address484
List3Person485,mailme485@gmail.com,password485,password485,6,M,123456825485,Address485
List3Person486,mailme486@gmail.com,password486,password486,7,M,123456825486,Address486
List3Person487,mailme487@gmail.com,password487,password487,8,M,123456825487,Address487
List3Person488,mailme488@gmail.com,password488,password488,9,M,123456825488,Address488
List3Person489,mailme489@gmail.com,password489,password489,10,M,123456825489,Address489
List3Person490,mailme490@gmail.com,password490,password490,1,M,123456825490,Address490
List3Person491,mailme491@gmail.com,password491,password491,2,M,123456825491,Address491
List3Person492,mailme492@gmail.com,password492,password492,3,M,123456825492,Address492
List3Person493,mailme493@gmail.com,password493,password493,4,M,123456825493,Address493
List3Person494,mailme494@gmail.com,password494,password494,5,M,123456825494,Address494
List3Person495,mailme495@gmail.com,password495,password495,6,M,123456825495,Address495
List3Person496,mailme496@gmail.com,password496,password496,7,M,123456825496,Address496
List3Person497,mailme497@gmail.com,password497,password497,8,M,123456825497,Address497
List3Person498,mailme498@gmail.com,password498,password498,9,M,123456825498,Address498
List3Person499,mailme499@gmail.com,password499,password499,10,M,123456825499,Address499
List3Person500,mailme500@gmail.com,password500,password500,1,M,123456825500,Address500
List3Person501,mailme501@gmail.com,password501,password501,2,M,123456825501,Address501
List3Person502,mailme502@gmail.com,password502,password502,3,M,123456825502,Address502
List3Person503,mailme503@gmail.com,password503,password503,4,M,123456825503,Address503
List3Person504,mailme504@gmail.com,password504,password504,5,M,123456825504,Address504
List3Person505,mailme505@gmail.com,password505,password505,6,M,123456825505,Address505
List3Person506,mailme506@gmail.com,password506,password506,7,M,123456825506,Address506
List3Person507,mailme507@gmail.com,password507,password507,8,M,123456825507,Address507
List3Person508,mailme508@gmail.com,password508,password508,9,M,123456825508,Address508
List3Person509,mailme509@gmail.com,password509,password509,10,M,123456825509,Address509
List3Person510,mailme510@gmail.com,password510,password510,1,M,123456825510,Address510
List3Person511,mailme511@gmail.com,password511,password511,2,M,123456825511,Address511
List3Person512,mailme512@gmail.com,password512,password512,3,M,123456825512,Address512
List3Person513,mailme513@gmail.com,password513,password513,4,M,123456825513,Address513
List3Person514,mailme514@gmail.com,password514,password514,5,M,123456825514,Address514
List3Person515,mailme515@gmail.com,password515,password515,6,M,123456825515,Address515
List3Person516,mailme516@gmail.com,password516,password516,7,M,123456825516,Address516
List3Person517,mailme517@gmail.com,password517,password517,8,M,123456825517,Address517
List3Person518,mailme518@gmail.com,password518,password518,9,M,123456825518,Address518
List3Person519,mailme519@gmail.com,password519,password519,10,M,123456825519,Address519
List3Person520,mailme520@gmail.com,password520,password520,1,M,123456825520,Address520
List3Person521,mailme521@gmail.com,password521,password521,2,M,123456825521,Address521
List3Person522,mailme522@gmail.com,password522,password522,3,M,123456825522,Address522
List3Person523,mailme523@gmail.com,password523,password523,4,M,123456825523,Address523
List3Person524,mailme524@gmail.com,password524,password524,5,M,123456825524,Address524
List3Person525,mailme525@gmail.com,password525,password525,6,M,123456825525,Address525
List3Person526,mailme526@gmail.com,password526,password526,7,M,123456825526,Address526
List3Person527,mailme527@gmail.com,password527,password527,8,M,123456825527,Address527
List3Person528,mailme528@gmail.com,password528,password528,9,M,123456825528,Address528
List3Person529,mailme529@gmail.com,password529,password529,10,M,123456825529,Address529
List3Person530,mailme530@gmail.com,password530,password530,1,M,123456825530,Address530
List3Person531,mailme531@gmail.com,password531,password531,2,M,123456825531,Address531
List3Person532,mailme532@gmail.com,password532,password532,3,M,123456825532,Address532
List3Person533,mailme533@gmail.com,password533,password533,4,M,123456825533,Address533
List3Person534,mailme534@gmail.com,password534,password534,5,M,123456825534,Address534
List3Person535,mailme535@gmail.com,password535,password535,6,M,123456825535,Address535
List3Person536,mailme536@gmail.com,password536,password536,7,M,123456825536,Address536
List3Person537,mailme537@gmail.com,password537,password537,8,M,123456825537,Address537
List3Person538,mailme538@gmail.com,password538,password538,9,M,123456825538,Address538
List3Person539,mailme539@gmail.com,password539,password539,10,M,123456825539,Address539
List3Person540,mailme540@gmail.com,password540,password540,1,M,123456825540,Address540
List3Person541,mailme541@gmail.com,password541,password541,2,M,123456825541,Address541
List3Person542,mailme542@gmail.com,password542,password542,3,M,123456825542,Address542
List3Person543,mailme543@gmail.com,password543,password543,4,M,123456825543,Address543
List3Person544,mailme544@gmail.com,password544,password544,5,M,123456825544,Address544
List3Person545,mailme545@gmail.com,password545,password545,6,M,123456825545,Address545
List3Person546,mailme546@gmail.com,password546,password546,7,M,123456825546,Address546
List3Person547,mailme547@gmail.com,password547,password547,8,M,123456825547,Address547
List3Person548,mailme548@gmail.com,password548,password548,9,M,123456825548,Address548
List3Person549,mailme549@gmail.com,password549,password549,10,M,123456825549,Address549
List3Person550,mailme550@gmail.com,password550,password550,1,M,123456825550,Address550
List3Person551,mailme551@gmail.com,password551,password551,2,M,123456825551,Address551
List3Person552,mailme552@gmail.com,password552,password552,3,M,123456825552,Address552
List3Person553,mailme553@gmail.com,password553,password553,4,M,123456825553,Address553
List3Person554,mailme554@gmail.com,password554,password554,5,M,123456825554,Address554
List3Person555,mailme555@gmail.com,password555,password555,6,M,123456825555,Address555
List3Person556,mailme556@gmail.com,password556,password556,7,M,123456825556,Address556
List3Person557,mailme557@gmail.com,password557,password557,8,M,123456825557,Address557
List3Person558,mailme558@gmail.com,password558,password558,9,M,123456825558,Address558
List3Person559,mailme559@gmail.com,password559,password559,10,M,123456825559,Address559
List3Person560,mailme560@gmail.com,password560,password560,1,M,123456825560,Address560
List3Person561,mailme561@gmail.com,password561,password561,2,M,123456825561,Address561
List3Person562,mailme562@gmail.com,password562,password562,3,M,123456825562,Address562
List3Person563,mailme563@gmail.com,password563,password563,4,M,123456825563,Address563
List3Person564,mailme564@gmail.com,password564,password564,5,M,123456825564,Address564
List3Person565,mailme565@gmail.com,password565,password565,6,M,123456825565,Address565
List3Person566,mailme566@gmail.com,password566,password566,7,M,123456825566,Address566
List3Person567,mailme567@gmail.com,password567,password567,8,M,123456825567,Address567
List3Person568,mailme568@gmail.com,password568,password568,9,M,123456825568,Address568
List3Person569,mailme569@gmail.com,password569,password569,10,M,123456825569,Address569
List3Person570,mailme570@gmail.com,password570,password570,1,M,123456825570,Address570
List3Person571,mailme571@gmail.com,password571,password571,2,M,123456825571,Address571
List3Person572,mailme572@gmail.com,password572,password572,3,M,123456825572,Address572
List3Person573,mailme573@gmail.com,password573,password573,4,M,123456825573,Address573
List3Person574,mailme574@gmail.com,password574,password574,5,M,123456825574,Address574
List3Person575,mailme575@gmail.com,password575,password575,6,M,123456825575,Address575
List3Person576,mailme576@gmail.com,password576,password576,7,M,123456825576,Address576
List3Person577,mailme577@gmail.com,password577,password577,8,M,123456825577,Address577
List3Person578,mailme578@gmail.com,password578,password578,9,M,123456825578,Address578
List3Person579,mailme579@gmail.com,password579,password579,10,M,123456825579,Address579
List3Person580,mailme580@gmail.com,password580,password580,1,M,123456825580,Address580
List3Person581,mailme581@gmail.com,password581,password581,2,M,123456825581,Address581
List3Person582,mailme582@gmail.com,password582,password582,3,M,123456825582,Address582
List3Person583,mailme583@gmail.com,password583,password583,4,M,123456825583,Address583
List3Person584,mailme584@gmail.com,password584,password584,5,M,123456825584,Address584
List3Person585,mailme585@gmail.com,password585,password585,6,M,123456825585,Address585
List3Person586,mailme586@gmail.com,password586,password586,7,M,123456825586,Address586
List3Person587,mailme587@gmail.com,password587,password587,8,M,123456825587,Address587
List3Person588,mailme588@gmail.com,password588,password588,9,M,123456825588,Address588
List3Person589,mailme589@gmail.com,password589,password589,10,M,123456825589,Address589
List3Person590,mailme590@gmail.com,password590,password590,1,M,123456825590,Address590
List3Person591,mailme591@gmail.com,password591,password591,2,M,123456825591,Address591
List3Person592,mailme592@gmail.com,password592,password592,3,M,123456825592,Address592
List3Person593,mailme593@gmail.com,password593,password593,4,M,123456825593,Address593
List3Person594,mailme594@gmail.com,password594,password594,5,M,123456825594,Address594
List3Person595,mailme595@gmail.com,password595,password595,6,M,123456825595,Address595
List3Person596,mailme596@gmail.com,password596,password596,7,M,123456825596,Address596
List3Person597,mailme597@gmail.com,password597,password597,8,M,123456825597,Address597
List3Person598,mailme598@gmail.com,password598,password598,9,M,123456825598,Address598
List3Person599,mailme599@gmail.com,password599,password599,10,M,123456825599,Address599
List3Person600,mailme600@gmail.com,password600,password600,1,M,123456825600,Address600
List3Person601,mailme601@gmail.com,password601,password601,2,M,123456825601,Address601
List3Person602,mailme602@gmail.com,password602,password602,3,M,123456825602,Address602
List3Person603,mailme603@gmail.com,password603,password603,4,M,123456825603,Address603
List3Person604,mailme604@gmail.com,password604,password604,5,M,123456825604,Address604
List3Person605,mailme605@gmail.com,password605,password605,6,M,123456825605,Address605
List3Person606,mailme606@gmail.com,password606,password606,7,M,123456825606,Address606
List3Person607,mailme607@gmail.com,password607,password607,8,M,123456825607,Address607
List3Person608,mailme608@gmail.com,password608,password608,9,M,123456825608,Address608
List3Person609,mailme609@gmail.com,password609,password609,10,M,123456825609,Address609
List3Person610,mailme610@gmail.com,password610,password610,1,M,123456825610,Address610
List3Person611,mailme611@gmail.com,password611,password611,2,M,123456825611,Address611
List3Person612,mailme612@gmail.com,password612,password612,3,M,123456825612,Address612
List3Person613,mailme613@gmail.com,password613,password613,4,M,123456825613,Address613
List3Person614,mailme614@gmail.com,password614,password614,5,M,123456825614,Address614
List3Person615,mailme615@gmail.com,password615,password615,6,M,123456825615,Address615
List3Person616,mailme616@gmail.com,password616,password616,7,M,123456825616,Address616
List3Person617,mailme617@gmail.com,password617,password617,8,M,123456825617,Address617
List3Person618,mailme618@gmail.com,password618,password618,9,M,123456825618,Address618
List3Person619,mailme619@gmail.com,password619,password619,10,M,123456825619,Address619
List3Person620,mailme620@gmail.com,password620,password620,1,M,123456825620,Address620
List3Person621,mailme621@gmail.com,password621,password621,2,M,123456825621,Address621
List3Person622,mailme622@gmail.com,password622,password622,3,M,123456825622,Address622
List3Person623,mailme623@gmail.com,password623,password623,4,M,123456825623,Address623
List3Person624,mailme624@gmail.com,password624,password624,5,M,123456825624,Address624
List3Person625,mailme625@gmail.com,password625,password625,6,M,123456825625,Address625
List3Person626,mailme626@gmail.com,password626,password626,7,M,123456825626,Address626
List3Person627,mailme627@gmail.com,password627,password627,8,M,123456825627,Address627
List3Person628,mailme628@gmail.com,password628,password628,9,M,123456825628,Address628
List3Person629,mailme629@gmail.com,password629,password629,10,M,123456825629,Address629
List3Person630,mailme630@gmail.com,password630,password630,1,M,123456825630,Address630
List3Person631,mailme631@gmail.com,password631,password631,2,M,123456825631,Address631
List3Person632,mailme632@gmail.com,password632,password632,3,M,123456825632,Address632
List3Person633,mailme633@gmail.com,password633,password633,4,M,123456825633,Address633
List3Person634,mailme634@gmail.com,password634,password634,5,M,123456825634,Address634
List3Person635,mailme635@gmail.com,password635,password635,6,M,123456825635,Address635
List3Person636,mailme636@gmail.com,password636,password636,7,M,123456825636,Address636
List3Person637,mailme637@gmail.com,password637,password637,8,M,123456825637,Address637
List3Person638,mailme638@gmail.com,password638,password638,9,M,123456825638,Address638
List3Person639,mailme639@gmail.com,password639,password639,10,M,123456825639,Address639
List3Person640,mailme640@gmail.com,password640,password640,1,M,123456825640,Address640
List3Person641,mailme641@gmail.com,password641,password641,2,M,123456825641,Address641
List3Person642,mailme642@gmail.com,password642,password642,3,M,123456825642,Address642
List3Person643,mailme643@gmail.com,password643,password643,4,M,123456825643,Address643
List3Person644,mailme644@gmail.com,password644,password644,5,M,123456825644,Address644
List3Person645,mailme645@gmail.com,password645,password645,6,M,123456825645,Address645
List3Person646,mailme646@gmail.com,password646,password646,7,M,123456825646,Address646
List3Person647,mailme647@gmail.com,password647,password647,8,M,123456825647,Address647
List3Person648,mailme648@gmail.com,password648,password648,9,M,123456825648,Address648
List3Person649,mailme649@gmail.com,password649,password649,10,M,123456825649,Address649
List3Person650,mailme650@gmail.com,password650,password650,1,M,123456825650,Address650
List3Person651,mailme651@gmail.com,password651,password651,2,M,123456825651,Address651
List3Person652,mailme652@gmail.com,password652,password652,3,M,123456825652,Address652
List3Person653,mailme653@gmail.com,password653,password653,4,M,123456825653,Address653
List3Person654,mailme654@gmail.com,password654,password654,5,M,123456825654,Address654
List3Person655,mailme655@gmail.com,password655,password655,6,M,123456825655,Address655
List3Person656,mailme656@gmail.com,password656,password656,7,M,123456825656,Address656
List3Person657,mailme657@gmail.com,password657,password657,8,M,123456825657,Address657
List3Person658,mailme658@gmail.com,password658,password658,9,M,123456825658,Address658
List3Person659,mailme659@gmail.com,password659,password659,10,M,123456825659,Address659
List3Person660,mailme660@gmail.com,password660,password660,1,M,123456825660,Address660
List3Person661,mailme661@gmail.com,password661,password661,2,M,123456825661,Address661
List3Person662,mailme662@gmail.com,password662,password662,3,M,123456825662,Address662
List3Person663,mailme663@gmail.com,password663,password663,4,M,123456825663,Address663
List3Person664,mailme664@gmail.com,password664,password664,5,M,123456825664,Address664
List3Person665,mailme665@gmail.com,password665,password665,6,M,123456825665,Address665
List3Person666,mailme666@gmail.com,password666,password666,7,M,123456825666,Address666
List3Person667,mailme667@gmail.com,password667,password667,8,M,123456825667,Address667
List3Person668,mailme668@gmail.com,password668,password668,9,M,123456825668,Address668
List3Person669,mailme669@gmail.com,password669,password669,10,M,123456825669,Address669
List3Person670,mailme670@gmail.com,password670,password670,1,M,123456825670,Address670
List3Person671,mailme671@gmail.com,password671,password671,2,M,123456825671,Address671
List3Person672,mailme672@gmail.com,password672,password672,3,M,123456825672,Address672
List3Person673,mailme673@gmail.com,password673,password673,4,M,123456825673,Address673
List3Person674,mailme674@gmail.com,password674,password674,5,M,123456825674,Address674
List3Person675,mailme675@gmail.com,password675,password675,6,M,123456825675,Address675
List3Person676,mailme676@gmail.com,password676,password676,7,M,123456825676,Address676
List3Person677,mailme677@gmail.com,password677,password677,8,M,123456825677,Address677
List3Person678,mailme678@gmail.com,password678,password678,9,M,123456825678,Address678
List3Person679,mailme679@gmail.com,password679,password679,10,M,123456825679,Address679
List3Person680,mailme680@gmail.com,password680,password680,1,M,123456825680,Address680
List3Person681,mailme681@gmail.com,password681,password681,2,M,123456825681,Address681
List3Person682,mailme682@gmail.com,password682,password682,3,M,123456825682,Address682
List3Person683,mailme683@gmail.com,password683,password683,4,M,123456825683,Address683
List3Person684,mailme684@gmail.com,password684,password684,5,M,123456825684,Address684
List3Person685,mailme685@gmail.com,password685,password685,6,M,123456825685,Address685
List3Person686,mailme686@gmail.com,password686,password686,7,M,123456825686,Address686
List3Person687,mailme687@gmail.com,password687,password687,8,M,123456825687,Address687
List3Person688,mailme688@gmail.com,password688,password688,9,M,123456825688,Address688
List3Person689,mailme689@gmail.com,password689,password689,10,M,123456825689,Address689
List3Person690,mailme690@gmail.com,password690,password690,1,M,123456825690,Address690
List3Person691,mailme691@gmail.com,password691,password691,2,M,123456825691,Address691
List3Person692,mailme692@gmail.com,password692,password692,3,M,123456825692,Address692
List3Person693,mailme693@gmail.com,password693,password693,4,M,123456825693,Address693
List3Person694,mailme694@gmail.com,password694,password694,5,M,123456825694,Address694
List3Person695,mailme695@gmail.com,password695,password695,6,M,123456825695,Address695
List3Person696,mailme696@gmail.com,password696,password696,7,M,123456825696,Address696
List3Person697,mailme697@gmail.com,password697,password697,8,M,123456825697,Address697
List3Person698,mailme698@gmail.com,password698,password698,9,M,123456825698,Address698
List3Person699,mailme699@gmail.com,password699,password699,10,M,123456825699,Address699
List3Person700,mailme700@gmail.com,password700,password700,1,M,123456825700,Address700
List3Person701,mailme701@gmail.com,password701,password701,2,M,123456825701,Address701
List3Person702,mailme702@gmail.com,password702,password702,3,M,123456825702,Address702
List3Person703,mailme703@gmail.com,password703,password703,4,M,123456825703,Address703
List3Person704,mailme704@gmail.com,password704,password704,5,M,123456825704,Address704
List3Person705,mailme705@gmail.com,password705,password705,6,M,123456825705,Address705
List3Person706,mailme706@gmail.com,password706,password706,7,M,123456825706,Address706
List3Person707,mailme707@gmail.com,password707,password707,8,M,123456825707,Address707
List3Person708,mailme708@gmail.com,password708,password708,9,M,123456825708,Address708
List3Person709,mailme709@gmail.com,password709,password709,10,M,123456825709,Address709
List3Person710,mailme710@gmail.com,password710,password710,1,M,123456825710,Address710
List3Person711,mailme711@gmail.com,password711,password711,2,M,123456825711,Address711
List3Person712,mailme712@gmail.com,password712,password712,3,M,123456825712,Address712
List3Person713,mailme713@gmail.com,password713,password713,4,M,123456825713,Address713
List3Person714,mailme714@gmail.com,password714,password714,5,M,123456825714,Address714
List3Person715,mailme715@gmail.com,password715,password715,6,M,123456825715,Address715
List3Person716,mailme716@gmail.com,password716,password716,7,M,123456825716,Address716
List3Person717,mailme717@gmail.com,password717,password717,8,M,123456825717,Address717
List3Person718,mailme718@gmail.com,password718,password718,9,M,123456825718,Address718
List3Person719,mailme719@gmail.com,password719,password719,10,M,123456825719,Address719
List3Person720,mailme720@gmail.com,password720,password720,1,M,123456825720,Address720
List3Person721,mailme721@gmail.com,password721,password721,2,M,123456825721,Address721
List3Person722,mailme722@gmail.com,password722,password722,3,M,123456825722,Address722
List3Person723,mailme723@gmail.com,password723,password723,4,M,123456825723,Address723
List3Person724,mailme724@gmail.com,password724,password724,5,M,123456825724,Address724
List3Person725,mailme725@gmail.com,password725,password725,6,M,123456825725,Address725
List3Person726,mailme726@gmail.com,password726,password726,7,M,123456825726,Address726
List3Person727,mailme727@gmail.com,password727,password727,8,M,123456825727,Address727
List3Person728,mailme728@gmail.com,password728,password728,9,M,123456825728,Address728
List3Person729,mailme729@gmail.com,password729,password729,10,M,123456825729,Address729
List3Person730,mailme730@gmail.com,password730,password730,1,M,123456825730,Address730
List3Person731,mailme731@gmail.com,password731,password731,2,M,123456825731,Address731
List3Person732,mailme732@gmail.com,password732,password732,3,M,123456825732,Address732
List3Person733,mailme733@gmail.com,password733,password733,4,M,123456825733,Address733
List3Person734,mailme734@gmail.com,password734,password734,5,M,123456825734,Address734
List3Person735,mailme735@gmail.com,password735,password735,6,M,123456825735,Address735
List3Person736,mailme736@gmail.com,password736,password736,7,M,123456825736,Address736
List3Person737,mailme737@gmail.com,password737,password737,8,M,123456825737,Address737
List3Person738,mailme738@gmail.com,password738,password738,9,M,123456825738,Address738
List3Person739,mailme739@gmail.com,password739,password739,10,M,123456825739,Address739
List3Person740,mailme740@gmail.com,password740,password740,1,M,123456825740,Address740
List3Person741,mailme741@gmail.com,password741,password741,2,M,123456825741,Address741
List3Person742,mailme742@gmail.com,password742,password742,3,M,123456825742,Address742
List3Person743,mailme743@gmail.com,password743,password743,4,M,123456825743,Address743
List3Person744,mailme744@gmail.com,password744,password744,5,M,123456825744,Address744
List3Person745,mailme745@gmail.com,password745,password745,6,M,123456825745,Address745
List3Person746,mailme746@gmail.com,password746,password746,7,M,123456825746,Address746
List3Person747,mailme747@gmail.com,password747,password747,8,M,123456825747,Address747
List3Person748,mailme748@gmail.com,password748,password748,9,M,123456825748,Address748
List3Person749,mailme749@gmail.com,password749,password749,10,M,123456825749,Address749
List3Person750,mailme750@gmail.com,password750,password750,1,M,123456825750,Address750
List3Person751,mailme751@gmail.com,password751,password751,2,M,123456825751,Address751
List3Person752,mailme752@gmail.com,password752,password752,3,M,123456825752,Address752
List3Person753,mailme753@gmail.com,password753,password753,4,M,123456825753,Address753
List3Person754,mailme754@gmail.com,password754,password754,5,M,123456825754,Address754
List3Person755,mailme755@gmail.com,password755,password755,6,M,123456825755,Address755
List3Person756,mailme756@gmail.com,password756,password756,7,M,123456825756,Address756
List3Person757,mailme757@gmail.com,password757,password757,8,M,123456825757,Address757
List3Person758,mailme758@gmail.com,password758,password758,9,M,123456825758,Address758
List3Person759,mailme759@gmail.com,password759,password759,10,M,123456825759,Address759
List3Person760,mailme760@gmail.com,password760,password760,1,M,123456825760,Address760
List3Person761,mailme761@gmail.com,password761,password761,2,M,123456825761,Address761
List3Person762,mailme762@gmail.com,password762,password762,3,M,123456825762,Address762
List3Person763,mailme763@gmail.com,password763,password763,4,M,123456825763,Address763
List3Person764,mailme764@gmail.com,password764,password764,5,M,123456825764,Address764
List3Person765,mailme765@gmail.com,password765,password765,6,M,123456825765,Address765
List3Person766,mailme766@gmail.com,password766,password766,7,M,123456825766,Address766
List3Person767,mailme767@gmail.com,password767,password767,8,M,123456825767,Address767
List3Person768,mailme768@gmail.com,password768,password768,9,M,123456825768,Address768
List3Person769,mailme769@gmail.com,password769,password769,10,M,123456825769,Address769
List3Person770,mailme770@gmail.com,password770,password770,1,M,123456825770,Address770
List3Person771,mailme771@gmail.com,password771,password771,2,M,123456825771,Address771
List3Person772,mailme772@gmail.com,password772,password772,3,M,123456825772,Address772
List3Person773,mailme773@gmail.com,password773,password773,4,M,123456825773,Address773
List3Person774,mailme774@gmail.com,password774,password774,5,M,123456825774,Address774
List3Person775,mailme775@gmail.com,password775,password775,6,M,123456825775,Address775
List3Person776,mailme776@gmail.com,password776,password776,7,M,123456825776,Address776
List3Person777,mailme777@gmail.com,password777,password777,8,M,123456825777,Address777
List3Person778,mailme778@gmail.com,password778,password778,9,M,123456825778,Address778
List3Person779,mailme779@gmail.com,password779,password779,10,M,123456825779,Address779
List3Person780,mailme780@gmail.com,password780,password780,1,M,123456825780,Address780
List3Person781,mailme781@gmail.com,password781,password781,2,M,123456825781,Address781
List3Person782,mailme782@gmail.com,password782,password782,3,M,123456825782,Address782
List3Person783,mailme783@gmail.com,password783,password783,4,M,123456825783,Address783
List3Person784,mailme784@gmail.com,password784,password784,5,M,123456825784,Address784
List3Person785,mailme785@gmail.com,password785,password785,6,M,123456825785,Address785
List3Person786,mailme786@gmail.com,password786,password786,7,M,123456825786,Address786
List3Person787,mailme787@gmail.com,password787,password787,8,M,123456825787,Address787
List3Person788,mailme788@gmail.com,password788,password788,9,M,123456825788,Address788
List3Person789,mailme789@gmail.com,password789,password789,10,M,123456825789,Address789
List3Person790,mailme790@gmail.com,password790,password790,1,M,123456825790,Address790
List3Person791,mailme791@gmail.com,password791,password791,2,M,123456825791,Address791
List3Person792,mailme792@gmail.com,password792,password792,3,M,123456825792,Address792
List3Person793,mailme793@gmail.com,password793,password793,4,M,123456825793,Address793
List3Person794,mailme794@gmail.com,password794,password794,5,M,123456825794,Address794
List3Person795,mailme795@gmail.com,password795,password795,6,M,123456825795,Address795
List3Person796,mailme796@gmail.com,password796,password796,7,M,123456825796,Address796
List3Person797,mailme797@gmail.com,password797,password797,8,M,123456825797,Address797
List3Person798,mailme798@gmail.com,password798,password798,9,M,123456825798,Address798
List3Person799,mailme799@gmail.com,password799,password799,10,M,123456825799,Address799
List3Person800,mailme800@gmail.com,password800,password800,1,M,123456825800,Address800
List3Person801,mailme801@gmail.com,password801,password801,2,M,123456825801,Address801
List3Person802,mailme802@gmail.com,password802,password802,3,M,123456825802,Address802
List3Person803,mailme803@gmail.com,password803,password803,4,M,123456825803,Address803
List3Person804,mailme804@gmail.com,password804,password804,5,M,123456825804,Address804
List3Person805,mailme805@gmail.com,password805,password805,6,M,123456825805,Address805
List3Person806,mailme806@gmail.com,password806,password806,7,M,123456825806,Address806
List3Person807,mailme807@gmail.com,password807,password807,8,M,123456825807,Address807
List3Person808,mailme808@gmail.com,password808,password808,9,M,123456825808,Address808
List3Person809,mailme809@gmail.com,password809,password809,10,M,123456825809,Address809
List3Person810,mailme810@gmail.com,password810,password810,1,M,123456825810,Address810
List3Person811,mailme811@gmail.com,password811,password811,2,M,123456825811,Address811
List3Person812,mailme812@gmail.com,password812,password812,3,M,123456825812,Address812
List3Person813,mailme813@gmail.com,password813,password813,4,M,123456825813,Address813
List3Person814,mailme814@gmail.com,password814,password814,5,M,123456825814,Address814
List3Person815,mailme815@gmail.com,password815,password815,6,M,123456825815,Address815
List3Person816,mailme816@gmail.com,password816,password816,7,M,123456825816,Address816
List3Person817,mailme817@gmail.com,password817,password817,8,M,123456825817,Address817
List3Person818,mailme818@gmail.com,password818,password818,9,M,123456825818,Address818
List3Person819,mailme819@gmail.com,password819,password819,10,M,123456825819,Address819
List3Person820,mailme820@gmail.com,password820,password820,1,M,123456825820,Address820
List3Person821,mailme821@gmail.com,password821,password821,2,M,123456825821,Address821
List3Person822,mailme822@gmail.com,password822,password822,3,M,123456825822,Address822
List3Person823,mailme823@gmail.com,password823,password823,4,M,123456825823,Address823
List3Person824,mailme824@gmail.com,password824,password824,5,M,123456825824,Address824
List3Person825,mailme825@gmail.com,password825,password825,6,M,123456825825,Address825
List3Person826,mailme826@gmail.com,password826,password826,7,M,123456825826,Address826
List3Person827,mailme827@gmail.com,password827,password827,8,M,123456825827,Address827
List3Person828,mailme828@gmail.com,password828,password828,9,M,123456825828,Address828
List3Person829,mailme829@gmail.com,password829,password829,10,M,123456825829,Address829
List3Person830,mailme830@gmail.com,password830,password830,1,M,123456825830,Address830
List3Person831,mailme831@gmail.com,password831,password831,2,M,123456825831,Address831
List3Person832,mailme832@gmail.com,password832,password832,3,M,123456825832,Address832
List3Person833,mailme833@gmail.com,password833,password833,4,M,123456825833,Address833
List3Person834,mailme834@gmail.com,password834,password834,5,M,123456825834,Address834
List3Person835,mailme835@gmail.com,password835,password835,6,M,123456825835,Address835
List3Person836,mailme836@gmail.com,password836,password836,7,M,123456825836,Address836
List3Person837,mailme837@gmail.com,password837,password837,8,M,123456825837,Address837
List3Person838,mailme838@gmail.com,password838,password838,9,M,123456825838,Address838
List3Person839,mailme839@gmail.com,password839,password839,10,M,123456825839,Address839
List3Person840,mailme840@gmail.com,password840,password840,1,M,123456825840,Address840
List3Person841,mailme841@gmail.com,password841,password841,2,M,123456825841,Address841
List3Person842,mailme842@gmail.com,password842,password842,3,M,123456825842,Address842
List3Person843,mailme843@gmail.com,password843,password843,4,M,123456825843,Address843
List3Person844,mailme844@gmail.com,password844,password844,5,M,123456825844,Address844
List3Person845,mailme845@gmail.com,password845,password845,6,M,123456825845,Address845
List3Person846,mailme846@gmail.com,password846,password846,7,M,123456825846,Address846
List3Person847,mailme847@gmail.com,password847,password847,8,M,123456825847,Address847
List3Person848,mailme848@gmail.com,password848,password848,9,M,123456825848,Address848
List3Person849,mailme849@gmail.com,password849,password849,10,M,123456825849,Address849
List3Person850,mailme850@gmail.com,password850,password850,1,M,123456825850,Address850
List3Person851,mailme851@gmail.com,password851,password851,2,M,123456825851,Address851
List3Person852,mailme852@gmail.com,password852,password852,3,M,123456825852,Address852
List3Person853,mailme853@gmail.com,password853,password853,4,M,123456825853,Address853
List3Person854,mailme854@gmail.com,password854,password854,5,M,123456825854,Address854
List3Person855,mailme855@gmail.com,password855,password855,6,M,123456825855,Address855
List3Person856,mailme856@gmail.com,password856,password856,7,M,123456825856,Address856
List3Person857,mailme857@gmail.com,password857,password857,8,M,123456825857,Address857
List3Person858,mailme858@gmail.com,password858,password858,9,M,123456825858,Address858
List3Person859,mailme859@gmail.com,password859,password859,10,M,123456825859,Address859
List3Person860,mailme860@gmail.com,password860,password860,1,M,123456825860,Address860
List3Person861,mailme861@gmail.com,password861,password861,2,M,123456825861,Address861
List3Person862,mailme862@gmail.com,password862,password862,3,M,123456825862,Address862
List3Person863,mailme863@gmail.com,password863,password863,4,M,123456825863,Address863
List3Person864,mailme864@gmail.com,password864,password864,5,M,123456825864,Address864
List3Person865,mailme865@gmail.com,password865,password865,6,M,123456825865,Address865
List3Person866,mailme866@gmail.com,password866,password866,7,M,123456825866,Address866
List3Person867,mailme867@gmail.com,password867,password867,8,M,123456825867,Address867
List3Person868,mailme868@gmail.com,password868,password868,9,M,123456825868,Address868
List3Person869,mailme869@gmail.com,password869,password869,10,M,123456825869,Address869
List3Person870,mailme870@gmail.com,password870,password870,1,M,123456825870,Address870
List3Person871,mailme871@gmail.com,password871,password871,2,M,123456825871,Address871
List3Person872,mailme872@gmail.com,password872,password872,3,M,123456825872,Address872
List3Person873,mailme873@gmail.com,password873,password873,4,M,123456825873,Address873
List3Person874,mailme874@gmail.com,password874,password874,5,M,123456825874,Address874
List3Person875,mailme875@gmail.com,password875,password875,6,M,123456825875,Address875
List3Person876,mailme876@gmail.com,password876,password876,7,M,123456825876,Address876
List3Person877,mailme877@gmail.com,password877,password877,8,M,123456825877,Address877
List3Person878,mailme878@gmail.com,password878,password878,9,M,123456825878,Address878
List3Person879,mailme879@gmail.com,password879,password879,10,M,123456825879,Address879
List3Person880,mailme880@gmail.com,password880,password880,1,M,123456825880,Address880
List3Person881,mailme881@gmail.com,password881,password881,2,M,123456825881,Address881
List3Person882,mailme882@gmail.com,password882,password882,3,M,123456825882,Address882
List3Person883,mailme883@gmail.com,password883,password883,4,M,123456825883,Address883
List3Person884,mailme884@gmail.com,password884,password884,5,M,123456825884,Address884
List3Person885,mailme885@gmail.com,password885,password885,6,M,123456825885,Address885
List3Person886,mailme886@gmail.com,password886,password886,7,M,123456825886,Address886
List3Person887,mailme887@gmail.com,password887,password887,8,M,123456825887,Address887
List3Person888,mailme888@gmail.com,password888,password888,9,M,123456825888,Address888
List3Person889,mailme889@gmail.com,password889,password889,10,M,123456825889,Address889
List3Person890,mailme890@gmail.com,password890,password890,1,M,123456825890,Address890
List3Person891,mailme891@gmail.com,password891,password891,2,M,123456825891,Address891
List3Person892,mailme892@gmail.com,password892,password892,3,M,123456825892,Address892
List3Person893,mailme893@gmail.com,password893,password893,4,M,123456825893,Address893
List3Person894,mailme894@gmail.com,password894,password894,5,M,123456825894,Address894
List3Person895,mailme895@gmail.com,password895,password895,6,M,123456825895,Address895
List3Person896,mailme896@gmail.com,password896,password896,7,M,123456825896,Address896
List3Person897,mailme897@gmail.com,password897,password897,8,M,123456825897,Address897
List3Person898,mailme898@gmail.com,password898,password898,9,M,123456825898,Address898
List3Person899,mailme899@gmail.com,password899,password899,10,M,123456825899,Address899
List3Person900,mailme900@gmail.com,password900,password900,1,M,123456825900,Address900
List3Person901,mailme901@gmail.com,password901,password901,2,M,123456825901,Address901
List3Person902,mailme902@gmail.com,password902,password902,3,M,123456825902,Address902
List3Person903,mailme903@gmail.com,password903,password903,4,M,123456825903,Address903
List3Person904,mailme904@gmail.com,password904,password904,5,M,123456825904,Address904
List3Person905,mailme905@gmail.com,password905,password905,6,M,123456825905,Address905
List3Person906,mailme906@gmail.com,password906,password906,7,M,123456825906,Address906
List3Person907,mailme907@gmail.com,password907,password907,8,M,123456825907,Address907
List3Person908,mailme908@gmail.com,password908,password908,9,M,123456825908,Address908
List3Person909,mailme909@gmail.com,password909,password909,10,M,123456825909,Address909
List3Person910,mailme910@gmail.com,password910,password910,1,M,123456825910,Address910
List3Person911,mailme911@gmail.com,password911,password911,2,M,123456825911,Address911
List3Person912,mailme912@gmail.com,password912,password912,3,M,123456825912,Address912
List3Person913,mailme913@gmail.com,password913,password913,4,M,123456825913,Address913
List3Person914,mailme914@gmail.com,password914,password914,5,M,123456825914,Address914
List3Person915,mailme915@gmail.com,password915,password915,6,M,123456825915,Address915
List3Person916,mailme916@gmail.com,password916,password916,7,M,123456825916,Address916
List3Person917,mailme917@gmail.com,password917,password917,8,M,123456825917,Address917
List3Person918,mailme918@gmail.com,password918,password918,9,M,123456825918,Address918
List3Person919,mailme919@gmail.com,password919,password919,10,M,123456825919,Address919
List3Person920,mailme920@gmail.com,password920,password920,1,M,123456825920,Address920
List3Person921,mailme921@gmail.com,password921,password921,2,M,123456825921,Address921
List3Person922,mailme922@gmail.com,password922,password922,3,M,123456825922,Address922
List3Person923,mailme923@gmail.com,password923,password923,4,M,123456825923,Address923
List3Person924,mailme924@gmail.com,password924,password924,5,M,123456825924,Address924
List3Person925,mailme925@gmail.com,password925,password925,6,M,123456825925,Address925
List3Person926,mailme926@gmail.com,password926,password926,7,M,123456825926,Address926
List3Person927,mailme927@gmail.com,password927,password927,8,M,123456825927,Address927
List3Person928,mailme928@gmail.com,password928,password928,9,M,123456825928,Address928
List3Person929,mailme929@gmail.com,password929,password929,10,M,123456825929,Address929
List3Person930,mailme930@gmail.com,password930,password930,1,M,123456825930,Address930
List3Person931,mailme931@gmail.com,password931,password931,2,M,123456825931,Address931
List3Person932,mailme932@gmail.com,password932,password932,3,M,123456825932,Address932
List3Person933,mailme933@gmail.com,password933,password933,4,M,123456825933,Address933
List3Person934,mailme934@gmail.com,password934,password934,5,M,123456825934,Address934
List3Person935,mailme935@gmail.com,password935,password935,6,M,123456825935,Address935
List3Person936,mailme936@gmail.com,password936,password936,7,M,123456825936,Address936
List3Person937,mailme937@gmail.com,password937,password937,8,M,123456825937,Address937
List3Person938,mailme938@gmail.com,password938,password938,9,M,123456825938,Address938
List3Person939,mailme939@gmail.com,password939,password939,10,M,123456825939,Address939
List3Person940,mailme940@gmail.com,password940,password940,1,M,123456825940,Address940
List3Person941,mailme941@gmail.com,password941,password941,2,M,123456825941,Address941
List3Person942,mailme942@gmail.com,password942,password942,3,M,123456825942,Address942
List3Person943,mailme943@gmail.com,password943,password943,4,M,123456825943,Address943
List3Person944,mailme944@gmail.com,password944,password944,5,M,123456825944,Address944
List3Person945,mailme945@gmail.com,password945,password945,6,M,123456825945,Address945
List3Person946,mailme946@gmail.com,password946,password946,7,M,123456825946,Address946
List3Person947,mailme947@gmail.com,password947,password947,8,M,123456825947,Address947
List3Person948,mailme948@gmail.com,password948,password948,9,M,123456825948,Address948
List3Person949,mailme949@gmail.com,password949,password949,10,M,123456825949,Address949
List3Person950,mailme950@gmail.com,password950,password950,1,M,123456825950,Address950
List3Person951,mailme951@gmail.com,password951,password951,2,M,123456825951,Address951
List3Person952,mailme952@gmail.com,password952,password952,3,M,123456825952,Address952
List3Person953,mailme953@gmail.com,password953,password953,4,M,123456825953,Address953
List3Person954,mailme954@gmail.com,password954,password954,5,M,123456825954,Address954
List3Person955,mailme955@gmail.com,password955,password955,6,M,123456825955,Address955
List3Person956,mailme956@gmail.com,password956,password956,7,M,123456825956,Address956
List3Person957,mailme957@gmail.com,password957,password957,8,M,123456825957,Address957
List3Person958,mailme958@gmail.com,password958,password958,9,M,123456825958,Address958
List3Person959,mailme959@gmail.com,password959,password959,10,M,123456825959,Address959
List3Person960,mailme960@gmail.com,password960,password960,1,M,123456825960,Address960
List3Person961,mailme961@gmail.com,password961,password961,2,M,123456825961,Address961
List3Person962,mailme962@gmail.com,password962,password962,3,M,123456825962,Address962
List3Person963,mailme963@gmail.com,password963,password963,4,M,123456825963,Address963
List3Person964,mailme964@gmail.com,password964,password964,5,M,123456825964,Address964
List3Person965,mailme965@gmail.com,password965,password965,6,M,123456825965,Address965
List3Person966,mailme966@gmail.com,password966,password966,7,M,123456825966,Address966
List3Person967,mailme967@gmail.com,password967,password967,8,M,123456825967,Address967
List3Person968,mailme968@gmail.com,password968,password968,9,M,123456825968,Address968
List3Person969,mailme969@gmail.com,password969,password969,10,M,123456825969,Address969
List3Person970,mailme970@gmail.com,password970,password970,1,M,123456825970,Address970
List3Person971,mailme971@gmail.com,password971,password971,2,M,123456825971,Address971
List3Person972,mailme972@gmail.com,password972,password972,3,M,123456825972,Address972
List3Person973,mailme973@gmail.com,password973,password973,4,M,123456825973,Address973
List3Person974,mailme974@gmail.com,password974,password974,5,M,123456825974,Address974
List3Person975,mailme975@gmail.com,password975,password975,6,M,123456825975,Address975
List3Person976,mailme976@gmail.com,password976,password976,7,M,123456825976,Address976
List3Person977,mailme977@gmail.com,password977,password977,8,M,123456825977,Address977
List3Person978,mailme978@gmail.com,password978,password978,9,M,123456825978,Address978
List3Person979,mailme979@gmail.com,password979,password979,10,M,123456825979,Address979
List3Person980,mailme980@gmail.com,password980,password980,1,M,123456825980,Address980
List3Person981,mailme981@gmail.com,password981,password981,2,M,123456825981,Address981
List3Person982,mailme982@gmail.com,password982,password982,3,M,123456825982,Address982
List3Person983,mailme983@gmail.com,password983,password983,4,M,123456825983,Address983
List3Person984,mailme984@gmail.com,password984,password984,5,M,123456825984,Address984
List3Person985,mailme985@gmail.com,password985,password985,6,M,123456825985,Address985
List3Person986,mailme986@gmail.com,password986,password986,7,M,123456825986,Address986
List3Person987,mailme987@gmail.com,password987,password987,8,M,123456825987,Address987
List3Person988,mailme988@gmail.com,password988,password988,9,M,123456825988,Address988
List3Person989,mailme989@gmail.com,password989,password989,10,M,123456825989,Address989
List3Person990,mailme990@gmail.com,password990,password990,1,M,123456825990,Address990
List3Person991,mailme991@gmail.com,password991,password991,2,M,123456825991,Address991
List3Person992,mailme992@gmail.com,password992,password992,3,M,123456825992,Address992
List3Person993,mailme993@gmail.com,password993,password993,4,M,123456825993,Address993
List3Person994,mailme994@gmail.com,password994,password994,5,M,123456825994,Address994
List3Person995,mailme995@gmail.com,password995,password995,6,M,123456825995,Address995
List3Person996,mailme996@gmail.com,password996,password996,7,M,123456825996,Address996
List3Person997,mailme997@gmail.com,password997,password997,8,M,123456825997,Address997
List3Person998,mailme998@gmail.com,password998,password998,9,M,123456825998,Address998
List3Person999,mailme999@gmail.com,password999,password999,10,M,123456825999,Address999
