Recording_test_200_Person0,mailme0@gmail.com,password0,password0,1,M,1234568250,Address0
Recording_test_200_Person1,mailme1@gmail.com,password1,password1,2,M,1234568251,Address1
Recording_test_200_Person2,mailme2@gmail.com,password2,password2,3,M,1234568252,Address2
Recording_test_200_Person3,mailme3@gmail.com,password3,password3,4,M,1234568253,Address3
Recording_test_200_Person4,mailme4@gmail.com,password4,password4,5,M,1234568254,Address4
Recording_test_200_Person5,mailme5@gmail.com,password5,password5,6,M,1234568255,Address5
Recording_test_200_Person6,mailme6@gmail.com,password6,password6,7,M,1234568256,Address6
Recording_test_200_Person7,mailme7@gmail.com,password7,password7,8,M,1234568257,Address7
Recording_test_200_Person8,mailme8@gmail.com,password8,password8,9,M,1234568258,Address8
Recording_test_200_Person9,mailme9@gmail.com,password9,password9,10,M,1234568259,Address9
Recording_test_200_Person10,mailme10@gmail.com,password10,password10,1,M,12345682510,Address10
Recording_test_200_Person11,mailme11@gmail.com,password11,password11,2,M,12345682511,Address11
Recording_test_200_Person12,mailme12@gmail.com,password12,password12,3,M,12345682512,Address12
Recording_test_200_Person13,mailme13@gmail.com,password13,password13,4,M,12345682513,Address13
Recording_test_200_Person14,mailme14@gmail.com,password14,password14,5,M,12345682514,Address14
Recording_test_200_Person15,mailme15@gmail.com,password15,password15,6,M,12345682515,Address15
Recording_test_200_Person16,mailme16@gmail.com,password16,password16,7,M,12345682516,Address16
Recording_test_200_Person17,mailme17@gmail.com,password17,password17,8,M,12345682517,Address17
Recording_test_200_Person18,mailme18@gmail.com,password18,password18,9,M,12345682518,Address18
Recording_test_200_Person19,mailme19@gmail.com,password19,password19,10,M,12345682519,Address19
Recording_test_200_Person20,mailme20@gmail.com,password20,password20,1,M,12345682520,Address20
Recording_test_200_Person21,mailme21@gmail.com,password21,password21,2,M,12345682521,Address21
Recording_test_200_Person22,mailme22@gmail.com,password22,password22,3,M,12345682522,Address22
Recording_test_200_Person23,mailme23@gmail.com,password23,password23,4,M,12345682523,Address23
Recording_test_200_Person24,mailme24@gmail.com,password24,password24,5,M,12345682524,Address24
Recording_test_200_Person25,mailme25@gmail.com,password25,password25,6,M,12345682525,Address25
Recording_test_200_Person26,mailme26@gmail.com,password26,password26,7,M,12345682526,Address26
Recording_test_200_Person27,mailme27@gmail.com,password27,password27,8,M,12345682527,Address27
Recording_test_200_Person28,mailme28@gmail.com,password28,password28,9,M,12345682528,Address28
Recording_test_200_Person29,mailme29@gmail.com,password29,password29,10,M,12345682529,Address29
Recording_test_200_Person30,mailme30@gmail.com,password30,password30,1,M,12345682530,Address30
Recording_test_200_Person31,mailme31@gmail.com,password31,password31,2,M,12345682531,Address31
Recording_test_200_Person32,mailme32@gmail.com,password32,password32,3,M,12345682532,Address32
Recording_test_200_Person33,mailme33@gmail.com,password33,password33,4,M,12345682533,Address33
Recording_test_200_Person34,mailme34@gmail.com,password34,password34,5,M,12345682534,Address34
Recording_test_200_Person35,mailme35@gmail.com,password35,password35,6,M,12345682535,Address35
Recording_test_200_Person36,mailme36@gmail.com,password36,password36,7,M,12345682536,Address36
Recording_test_200_Person37,mailme37@gmail.com,password37,password37,8,M,12345682537,Address37
Recording_test_200_Person38,mailme38@gmail.com,password38,password38,9,M,12345682538,Address38
Recording_test_200_Person39,mailme39@gmail.com,password39,password39,10,M,12345682539,Address39
Recording_test_200_Person40,mailme40@gmail.com,password40,password40,1,M,12345682540,Address40
Recording_test_200_Person41,mailme41@gmail.com,password41,password41,2,M,12345682541,Address41
Recording_test_200_Person42,mailme42@gmail.com,password42,password42,3,M,12345682542,Address42
Recording_test_200_Person43,mailme43@gmail.com,password43,password43,4,M,12345682543,Address43
Recording_test_200_Person44,mailme44@gmail.com,password44,password44,5,M,12345682544,Address44
Recording_test_200_Person45,mailme45@gmail.com,password45,password45,6,M,12345682545,Address45
Recording_test_200_Person46,mailme46@gmail.com,password46,password46,7,M,12345682546,Address46
Recording_test_200_Person47,mailme47@gmail.com,password47,password47,8,M,12345682547,Address47
Recording_test_200_Person48,mailme48@gmail.com,password48,password48,9,M,12345682548,Address48
Recording_test_200_Person49,mailme49@gmail.com,password49,password49,10,M,12345682549,Address49
Recording_test_200_Person50,mailme50@gmail.com,password50,password50,1,M,12345682550,Address50
Recording_test_200_Person51,mailme51@gmail.com,password51,password51,2,M,12345682551,Address51
Recording_test_200_Person52,mailme52@gmail.com,password52,password52,3,M,12345682552,Address52
Recording_test_200_Person53,mailme53@gmail.com,password53,password53,4,M,12345682553,Address53
Recording_test_200_Person54,mailme54@gmail.com,password54,password54,5,M,12345682554,Address54
Recording_test_200_Person55,mailme55@gmail.com,password55,password55,6,M,12345682555,Address55
Recording_test_200_Person56,mailme56@gmail.com,password56,password56,7,M,12345682556,Address56
Recording_test_200_Person57,mailme57@gmail.com,password57,password57,8,M,12345682557,Address57
Recording_test_200_Person58,mailme58@gmail.com,password58,password58,9,M,12345682558,Address58
Recording_test_200_Person59,mailme59@gmail.com,password59,password59,10,M,12345682559,Address59
Recording_test_200_Person60,mailme60@gmail.com,password60,password60,1,M,12345682560,Address60
Recording_test_200_Person61,mailme61@gmail.com,password61,password61,2,M,12345682561,Address61
Recording_test_200_Person62,mailme62@gmail.com,password62,password62,3,M,12345682562,Address62
Recording_test_200_Person63,mailme63@gmail.com,password63,password63,4,M,12345682563,Address63
Recording_test_200_Person64,mailme64@gmail.com,password64,password64,5,M,12345682564,Address64
Recording_test_200_Person65,mailme65@gmail.com,password65,password65,6,M,12345682565,Address65
Recording_test_200_Person66,mailme66@gmail.com,password66,password66,7,M,12345682566,Address66
Recording_test_200_Person67,mailme67@gmail.com,password67,password67,8,M,12345682567,Address67
Recording_test_200_Person68,mailme68@gmail.com,password68,password68,9,M,12345682568,Address68
Recording_test_200_Person69,mailme69@gmail.com,password69,password69,10,M,12345682569,Address69
Recording_test_200_Person70,mailme70@gmail.com,password70,password70,1,M,12345682570,Address70
Recording_test_200_Person71,mailme71@gmail.com,password71,password71,2,M,12345682571,Address71
Recording_test_200_Person72,mailme72@gmail.com,password72,password72,3,M,12345682572,Address72
Recording_test_200_Person73,mailme73@gmail.com,password73,password73,4,M,12345682573,Address73
Recording_test_200_Person74,mailme74@gmail.com,password74,password74,5,M,12345682574,Address74
Recording_test_200_Person75,mailme75@gmail.com,password75,password75,6,M,12345682575,Address75
Recording_test_200_Person76,mailme76@gmail.com,password76,password76,7,M,12345682576,Address76
Recording_test_200_Person77,mailme77@gmail.com,password77,password77,8,M,12345682577,Address77
Recording_test_200_Person78,mailme78@gmail.com,password78,password78,9,M,12345682578,Address78
Recording_test_200_Person79,mailme79@gmail.com,password79,password79,10,M,12345682579,Address79
Recording_test_200_Person80,mailme80@gmail.com,password80,password80,1,M,12345682580,Address80
Recording_test_200_Person81,mailme81@gmail.com,password81,password81,2,M,12345682581,Address81
Recording_test_200_Person82,mailme82@gmail.com,password82,password82,3,M,12345682582,Address82
Recording_test_200_Person83,mailme83@gmail.com,password83,password83,4,M,12345682583,Address83
Recording_test_200_Person84,mailme84@gmail.com,password84,password84,5,M,12345682584,Address84
Recording_test_200_Person85,mailme85@gmail.com,password85,password85,6,M,12345682585,Address85
Recording_test_200_Person86,mailme86@gmail.com,password86,password86,7,M,12345682586,Address86
Recording_test_200_Person87,mailme87@gmail.com,password87,password87,8,M,12345682587,Address87
Recording_test_200_Person88,mailme88@gmail.com,password88,password88,9,M,12345682588,Address88
Recording_test_200_Person89,mailme89@gmail.com,password89,password89,10,M,12345682589,Address89
Recording_test_200_Person90,mailme90@gmail.com,password90,password90,1,M,12345682590,Address90
Recording_test_200_Person91,mailme91@gmail.com,password91,password91,2,M,12345682591,Address91
Recording_test_200_Person92,mailme92@gmail.com,password92,password92,3,M,12345682592,Address92
Recording_test_200_Person93,mailme93@gmail.com,password93,password93,4,M,12345682593,Address93
Recording_test_200_Person94,mailme94@gmail.com,password94,password94,5,M,12345682594,Address94
Recording_test_200_Person95,mailme95@gmail.com,password95,password95,6,M,12345682595,Address95
Recording_test_200_Person96,mailme96@gmail.com,password96,password96,7,M,12345682596,Address96
Recording_test_200_Person97,mailme97@gmail.com,password97,password97,8,M,12345682597,Address97
Recording_test_200_Person98,mailme98@gmail.com,password98,password98,9,M,12345682598,Address98
Recording_test_200_Person99,mailme99@gmail.com,password99,password99,10,M,12345682599,Address99
Recording_test_200_Person100,mailme100@gmail.com,password100,password100,1,M,123456825100,Address100
Recording_test_200_Person101,mailme101@gmail.com,password101,password101,2,M,123456825101,Address101
Recording_test_200_Person102,mailme102@gmail.com,password102,password102,3,M,123456825102,Address102
Recording_test_200_Person103,mailme103@gmail.com,password103,password103,4,M,123456825103,Address103
Recording_test_200_Person104,mailme104@gmail.com,password104,password104,5,M,123456825104,Address104
Recording_test_200_Person105,mailme105@gmail.com,password105,password105,6,M,123456825105,Address105
Recording_test_200_Person106,mailme106@gmail.com,password106,password106,7,M,123456825106,Address106
Recording_test_200_Person107,mailme107@gmail.com,password107,password107,8,M,123456825107,Address107
Recording_test_200_Person108,mailme108@gmail.com,password108,password108,9,M,123456825108,Address108
Recording_test_200_Person109,mailme109@gmail.com,password109,password109,10,M,123456825109,Address109
Recording_test_200_Person110,mailme110@gmail.com,password110,password110,1,M,123456825110,Address110
Recording_test_200_Person111,mailme111@gmail.com,password111,password111,2,M,123456825111,Address111
Recording_test_200_Person112,mailme112@gmail.com,password112,password112,3,M,123456825112,Address112
Recording_test_200_Person113,mailme113@gmail.com,password113,password113,4,M,123456825113,Address113
Recording_test_200_Person114,mailme114@gmail.com,password114,password114,5,M,123456825114,Address114
Recording_test_200_Person115,mailme115@gmail.com,password115,password115,6,M,123456825115,Address115
Recording_test_200_Person116,mailme116@gmail.com,password116,password116,7,M,123456825116,Address116
Recording_test_200_Person117,mailme117@gmail.com,password117,password117,8,M,123456825117,Address117
Recording_test_200_Person118,mailme118@gmail.com,password118,password118,9,M,123456825118,Address118
Recording_test_200_Person119,mailme119@gmail.com,password119,password119,10,M,123456825119,Address119
Recording_test_200_Person120,mailme120@gmail.com,password120,password120,1,M,123456825120,Address120
Recording_test_200_Person121,mailme121@gmail.com,password121,password121,2,M,123456825121,Address121
Recording_test_200_Person122,mailme122@gmail.com,password122,password122,3,M,123456825122,Address122
Recording_test_200_Person123,mailme123@gmail.com,password123,password123,4,M,123456825123,Address123
Recording_test_200_Person124,mailme124@gmail.com,password124,password124,5,M,123456825124,Address124
Recording_test_200_Person125,mailme125@gmail.com,password125,password125,6,M,123456825125,Address125
Recording_test_200_Person126,mailme126@gmail.com,password126,password126,7,M,123456825126,Address126
Recording_test_200_Person127,mailme127@gmail.com,password127,password127,8,M,123456825127,Address127
Recording_test_200_Person128,mailme128@gmail.com,password128,password128,9,M,123456825128,Address128
Recording_test_200_Person129,mailme129@gmail.com,password129,password129,10,M,123456825129,Address129
Recording_test_200_Person130,mailme130@gmail.com,password130,password130,1,M,123456825130,Address130
Recording_test_200_Person131,mailme131@gmail.com,password131,password131,2,M,123456825131,Address131
Recording_test_200_Person132,mailme132@gmail.com,password132,password132,3,M,123456825132,Address132
Recording_test_200_Person133,mailme133@gmail.com,password133,password133,4,M,123456825133,Address133
Recording_test_200_Person134,mailme134@gmail.com,password134,password134,5,M,123456825134,Address134
Recording_test_200_Person135,mailme135@gmail.com,password135,password135,6,M,123456825135,Address135
Recording_test_200_Person136,mailme136@gmail.com,password136,password136,7,M,123456825136,Address136
Recording_test_200_Person137,mailme137@gmail.com,password137,password137,8,M,123456825137,Address137
Recording_test_200_Person138,mailme138@gmail.com,password138,password138,9,M,123456825138,Address138
Recording_test_200_Person139,mailme139@gmail.com,password139,password139,10,M,123456825139,Address139
Recording_test_200_Person140,mailme140@gmail.com,password140,password140,1,M,123456825140,Address140
Recording_test_200_Person141,mailme141@gmail.com,password141,password141,2,M,123456825141,Address141
Recording_test_200_Person142,mailme142@gmail.com,password142,password142,3,M,123456825142,Address142
Recording_test_200_Person143,mailme143@gmail.com,password143,password143,4,M,123456825143,Address143
Recording_test_200_Person144,mailme144@gmail.com,password144,password144,5,M,123456825144,Address144
Recording_test_200_Person145,mailme145@gmail.com,password145,password145,6,M,123456825145,Address145
Recording_test_200_Person146,mailme146@gmail.com,password146,password146,7,M,123456825146,Address146
Recording_test_200_Person147,mailme147@gmail.com,password147,password147,8,M,123456825147,Address147
Recording_test_200_Person148,mailme148@gmail.com,password148,password148,9,M,123456825148,Address148
Recording_test_200_Person149,mailme149@gmail.com,password149,password149,10,M,123456825149,Address149
Recording_test_200_Person150,mailme150@gmail.com,password150,password150,1,M,123456825150,Address150
Recording_test_200_Person151,mailme151@gmail.com,password151,password151,2,M,123456825151,Address151
Recording_test_200_Person152,mailme152@gmail.com,password152,password152,3,M,123456825152,Address152
Recording_test_200_Person153,mailme153@gmail.com,password153,password153,4,M,123456825153,Address153
Recording_test_200_Person154,mailme154@gmail.com,password154,password154,5,M,123456825154,Address154
Recording_test_200_Person155,mailme155@gmail.com,password155,password155,6,M,123456825155,Address155
Recording_test_200_Person156,mailme156@gmail.com,password156,password156,7,M,123456825156,Address156
Recording_test_200_Person157,mailme157@gmail.com,password157,password157,8,M,123456825157,Address157
Recording_test_200_Person158,mailme158@gmail.com,password158,password158,9,M,123456825158,Address158
Recording_test_200_Person159,mailme159@gmail.com,password159,password159,10,M,123456825159,Address159
Recording_test_200_Person160,mailme160@gmail.com,password160,password160,1,M,123456825160,Address160
Recording_test_200_Person161,mailme161@gmail.com,password161,password161,2,M,123456825161,Address161
Recording_test_200_Person162,mailme162@gmail.com,password162,password162,3,M,123456825162,Address162
Recording_test_200_Person163,mailme163@gmail.com,password163,password163,4,M,123456825163,Address163
Recording_test_200_Person164,mailme164@gmail.com,password164,password164,5,M,123456825164,Address164
Recording_test_200_Person165,mailme165@gmail.com,password165,password165,6,M,123456825165,Address165
Recording_test_200_Person166,mailme166@gmail.com,password166,password166,7,M,123456825166,Address166
Recording_test_200_Person167,mailme167@gmail.com,password167,password167,8,M,123456825167,Address167
Recording_test_200_Person168,mailme168@gmail.com,password168,password168,9,M,123456825168,Address168
Recording_test_200_Person169,mailme169@gmail.com,password169,password169,10,M,123456825169,Address169
Recording_test_200_Person170,mailme170@gmail.com,password170,password170,1,M,123456825170,Address170
Recording_test_200_Person171,mailme171@gmail.com,password171,password171,2,M,123456825171,Address171
Recording_test_200_Person172,mailme172@gmail.com,password172,password172,3,M,123456825172,Address172
Recording_test_200_Person173,mailme173@gmail.com,password173,password173,4,M,123456825173,Address173
Recording_test_200_Person174,mailme174@gmail.com,password174,password174,5,M,123456825174,Address174
Recording_test_200_Person175,mailme175@gmail.com,password175,password175,6,M,123456825175,Address175
Recording_test_200_Person176,mailme176@gmail.com,password176,password176,7,M,123456825176,Address176
Recording_test_200_Person177,mailme177@gmail.com,password177,password177,8,M,123456825177,Address177
Recording_test_200_Person178,mailme178@gmail.com,password178,password178,9,M,123456825178,Address178
Recording_test_200_Person179,mailme179@gmail.com,password179,password179,10,M,123456825179,Address179
Recording_test_200_Person180,mailme180@gmail.com,password180,password180,1,M,123456825180,Address180
Recording_test_200_Person181,mailme181@gmail.com,password181,password181,2,M,123456825181,Address181
Recording_test_200_Person182,mailme182@gmail.com,password182,password182,3,M,123456825182,Address182
Recording_test_200_Person183,mailme183@gmail.com,password183,password183,4,M,123456825183,Address183
Recording_test_200_Person184,mailme184@gmail.com,password184,password184,5,M,123456825184,Address184
Recording_test_200_Person185,mailme185@gmail.com,password185,password185,6,M,123456825185,Address185
Recording_test_200_Person186,mailme186@gmail.com,password186,password186,7,M,123456825186,Address186
Recording_test_200_Person187,mailme187@gmail.com,password187,password187,8,M,123456825187,Address187
Recording_test_200_Person188,mailme188@gmail.com,password188,password188,9,M,123456825188,Address188
Recording_test_200_Person189,mailme189@gmail.com,password189,password189,10,M,123456825189,Address189
Recording_test_200_Person190,mailme190@gmail.com,password190,password190,1,M,123456825190,Address190
Recording_test_200_Person191,mailme191@gmail.com,password191,password191,2,M,123456825191,Address191
Recording_test_200_Person192,mailme192@gmail.com,password192,password192,3,M,123456825192,Address192
Recording_test_200_Person193,mailme193@gmail.com,password193,password193,4,M,123456825193,Address193
Recording_test_200_Person194,mailme194@gmail.com,password194,password194,5,M,123456825194,Address194
Recording_test_200_Person195,mailme195@gmail.com,password195,password195,6,M,123456825195,Address195
Recording_test_200_Person196,mailme196@gmail.com,password196,password196,7,M,123456825196,Address196
Recording_test_200_Person197,mailme197@gmail.com,password197,password197,8,M,123456825197,Address197
Recording_test_200_Person198,mailme198@gmail.com,password198,password198,9,M,123456825198,Address198
Recording_test_200_Person199,mailme199@gmail.com,password199,password199,10,M,123456825199,Address199
